# https://github.com/mikedh/trimesh
mtllib material.mtl

o geometry_0
usemtl smoked_glass
v -0.52573111 0.85065081 0.00000000
v 0.52573111 0.85065081 0.00000000
v -0.52573111 -0.85065081 0.00000000
v 0.52573111 -0.85065081 0.00000000
v 0.00000000 -0.52573111 0.85065081
v 0.00000000 0.52573111 0.85065081
v 0.00000000 -0.52573111 -0.85065081
v 0.00000000 0.52573111 -0.85065081
v 0.85065081 0.00000000 -0.52573111
v 0.85065081 0.00000000 0.52573111
v -0.85065081 0.00000000 -0.52573111
v -0.85065081 0.00000000 0.52573111
v 0.00000000 1.00000000 0.00000000
v 0.00000000 -1.00000000 0.00000000
v -0.30901699 -0.80901699 0.50000000
v 0.30901699 -0.80901699 0.50000000
v -0.30901699 0.80901699 0.50000000
v 0.30901699 0.80901699 0.50000000
v 0.00000000 0.00000000 1.00000000
v -0.30901699 -0.80901699 -0.50000000
v 0.30901699 -0.80901699 -0.50000000
v -0.30901699 0.80901699 -0.50000000
v 0.30901699 0.80901699 -0.50000000
v 0.00000000 0.00000000 -1.00000000
v 0.80901699 0.50000000 -0.30901699
v 0.80901699 -0.50000000 -0.30901699
v 0.50000000 -0.30901699 -0.80901699
v 0.50000000 0.30901699 -0.80901699
v 0.80901699 0.50000000 0.30901699
v 0.80901699 -0.50000000 0.30901699
v 0.50000000 -0.30901699 0.80901699
v 0.50000000 0.30901699 0.80901699
v 1.00000000 0.00000000 0.00000000
v -0.80901699 0.50000000 -0.30901699
v -0.80901699 -0.50000000 -0.30901699
v -0.50000000 -0.30901699 -0.80901699
v -0.50000000 0.30901699 -0.80901699
v -0.80901699 0.50000000 0.30901699
v -0.80901699 -0.50000000 0.30901699
v -0.50000000 -0.30901699 0.80901699
v -0.50000000 0.30901699 0.80901699
v -1.00000000 0.00000000 0.00000000
v -0.27326653 0.96193836 0.00000000
v 0.27326653 0.96193836 0.00000000
v -0.27326653 -0.96193836 0.00000000
v 0.27326653 -0.96193836 0.00000000
v -0.43388856 -0.86266848 0.25989191
v -0.16062204 -0.69378048 0.70204644
v -0.16245985 -0.95105652 0.26286556
v 0.43388856 -0.86266848 0.25989191
v 0.16062204 -0.69378048 0.70204644
v 0.16245985 -0.95105652 0.26286556
v 0.00000000 -0.85065081 0.52573111
v -0.43388856 0.86266848 0.25989191
v -0.16062204 0.69378048 0.70204644
v -0.16245985 0.95105652 0.26286556
v 0.43388856 0.86266848 0.25989191
v 0.16062204 0.69378048 0.70204644
v 0.16245985 0.95105652 0.26286556
v 0.00000000 0.85065081 0.52573111
v 0.00000000 -0.27326653 0.96193836
v 0.00000000 0.27326653 0.96193836
v -0.43388856 -0.86266848 -0.25989191
v -0.16062204 -0.69378048 -0.70204644
v -0.16245985 -0.95105652 -0.26286556
v 0.43388856 -0.86266848 -0.25989191
v 0.16062204 -0.69378048 -0.70204644
v 0.16245985 -0.95105652 -0.26286556
v 0.00000000 -0.85065081 -0.52573111
v -0.43388856 0.86266848 -0.25989191
v -0.16062204 0.69378048 -0.70204644
v -0.16245985 0.95105652 -0.26286556
v 0.43388856 0.86266848 -0.25989191
v 0.16062204 0.69378048 -0.70204644
v 0.16245985 0.95105652 -0.26286556
v 0.00000000 0.85065081 -0.52573111
v 0.00000000 -0.27326653 -0.96193836
v 0.00000000 0.27326653 -0.96193836
v 0.69378048 0.70204644 -0.16062204
v 0.86266848 0.25989191 -0.43388856
v 0.58778525 0.68819096 -0.42532540
v 0.69378048 -0.70204644 -0.16062204
v 0.86266848 -0.25989191 -0.43388856
v 0.58778525 -0.68819096 -0.42532540
v 0.25989191 -0.43388856 -0.86266848
v 0.70204644 -0.16062204 -0.69378048
v 0.42532540 -0.58778525 -0.68819096
v 0.26286556 -0.16245985 -0.95105652
v 0.68819096 -0.42532540 -0.58778525
v 0.25989191 0.43388856 -0.86266848
v 0.70204644 0.16062204 -0.69378048
v 0.42532540 0.58778525 -0.68819096
v 0.26286556 0.16245985 -0.95105652
v 0.68819096 0.42532540 -0.58778525
v 0.52573111 0.00000000 -0.85065081
v 0.69378048 0.70204644 0.16062204
v 0.86266848 0.25989191 0.43388856
v 0.58778525 0.68819096 0.42532540
v 0.85065081 0.52573111 0.00000000
v 0.69378048 -0.70204644 0.16062204
v 0.86266848 -0.25989191 0.43388856
v 0.58778525 -0.68819096 0.42532540
v 0.85065081 -0.52573111 0.00000000
v 0.25989191 -0.43388856 0.86266848
v 0.70204644 -0.16062204 0.69378048
v 0.42532540 -0.58778525 0.68819096
v 0.26286556 -0.16245985 0.95105652
v 0.68819096 -0.42532540 0.58778525
v 0.25989191 0.43388856 0.86266848
v 0.70204644 0.16062204 0.69378048
v 0.42532540 0.58778525 0.68819096
v 0.26286556 0.16245985 0.95105652
v 0.68819096 0.42532540 0.58778525
v 0.52573111 0.00000000 0.85065081
v 0.96193836 0.00000000 -0.27326653
v 0.96193836 0.00000000 0.27326653
v 0.95105652 0.26286556 -0.16245985
v 0.95105652 -0.26286556 -0.16245985
v 0.95105652 0.26286556 0.16245985
v 0.95105652 -0.26286556 0.16245985
v -0.69378048 0.70204644 -0.16062204
v -0.86266848 0.25989191 -0.43388856
v -0.58778525 0.68819096 -0.42532540
v -0.69378048 -0.70204644 -0.16062204
v -0.86266848 -0.25989191 -0.43388856
v -0.58778525 -0.68819096 -0.42532540
v -0.25989191 -0.43388856 -0.86266848
v -0.70204644 -0.16062204 -0.69378048
v -0.42532540 -0.58778525 -0.68819096
v -0.26286556 -0.16245985 -0.95105652
v -0.68819096 -0.42532540 -0.58778525
v -0.25989191 0.43388856 -0.86266848
v -0.70204644 0.16062204 -0.69378048
v -0.42532540 0.58778525 -0.68819096
v -0.26286556 0.16245985 -0.95105652
v -0.68819096 0.42532540 -0.58778525
v -0.52573111 0.00000000 -0.85065081
v -0.69378048 0.70204644 0.16062204
v -0.86266848 0.25989191 0.43388856
v -0.58778525 0.68819096 0.42532540
v -0.85065081 0.52573111 0.00000000
v -0.69378048 -0.70204644 0.16062204
v -0.86266848 -0.25989191 0.43388856
v -0.58778525 -0.68819096 0.42532540
v -0.85065081 -0.52573111 0.00000000
v -0.25989191 -0.43388856 0.86266848
v -0.70204644 -0.16062204 0.69378048
v -0.42532540 -0.58778525 0.68819096
v -0.26286556 -0.16245985 0.95105652
v -0.68819096 -0.42532540 0.58778525
v -0.25989191 0.43388856 0.86266848
v -0.70204644 0.16062204 0.69378048
v -0.42532540 0.58778525 0.68819096
v -0.26286556 0.16245985 0.95105652
v -0.68819096 0.42532540 0.58778525
v -0.52573111 0.00000000 0.85065081
v -0.96193836 0.00000000 -0.27326653
v -0.96193836 0.00000000 0.27326653
v -0.95105652 0.26286556 -0.16245985
v -0.95105652 -0.26286556 -0.16245985
v -0.95105652 0.26286556 0.16245985
v -0.95105652 -0.26286556 0.16245985
v -0.40335535 0.91504342 0.00000000
v -0.13795224 0.99043888 0.00000000
v 0.40335535 0.91504342 0.00000000
v 0.13795224 0.99043888 0.00000000
v -0.40335535 -0.91504342 0.00000000
v -0.13795224 -0.99043888 0.00000000
v 0.40335535 -0.91504342 0.00000000
v 0.13795224 -0.99043888 0.00000000
v -0.48444164 -0.86492934 0.13120038
v -0.37503857 -0.84391147 0.38361373
v -0.35822879 -0.92430460 0.13165537
v -0.08108629 -0.61564202 0.78384304
v -0.23708633 -0.75865230 0.60682515
v -0.08224247 -0.98768834 0.13307110
v -0.23867693 -0.89100652 0.38618739
v -0.22011703 -0.96639260 0.13279248
v -0.30125888 -0.91624418 0.26408275
v 0.48444164 -0.86492934 0.13120038
v 0.37503857 -0.84391147 0.38361373
v 0.35822879 -0.92430460 0.13165537
v 0.08108629 -0.61564202 0.78384304
v 0.23708633 -0.75865230 0.60682515
v 0.00000000 -0.70290703 0.71128173
v 0.08224247 -0.98768834 0.13307110
v 0.23867693 -0.89100652 0.38618739
v 0.22011703 -0.96639260 0.13279248
v 0.00000000 -0.96386126 0.26640470
v 0.30125888 -0.91624418 0.26408275
v -0.15643447 -0.84017789 0.51925849
v 0.15643447 -0.84017789 0.51925849
v -0.08114185 -0.78020437 0.62023958
v -0.08232358 -0.91298249 0.39960705
v 0.08114185 -0.78020437 0.62023958
v 0.08232358 -0.91298249 0.39960705
v -0.48444164 0.86492934 0.13120038
v -0.37503857 0.84391147 0.38361373
v -0.35822879 0.92430460 0.13165537
v -0.08108629 0.61564202 0.78384304
v -0.23708633 0.75865230 0.60682515
v -0.08224247 0.98768834 0.13307110
v -0.23867693 0.89100652 0.38618739
v -0.22011703 0.96639260 0.13279248
v -0.30125888 0.91624418 0.26408275
v 0.48444164 0.86492934 0.13120038
v 0.37503857 0.84391147 0.38361373
v 0.35822879 0.92430460 0.13165537
v 0.08108629 0.61564202 0.78384304
v 0.23708633 0.75865230 0.60682515
v 0.00000000 0.70290703 0.71128173
v 0.08224247 0.98768834 0.13307110
v 0.23867693 0.89100652 0.38618739
v 0.22011703 0.96639260 0.13279248
v 0.00000000 0.96386126 0.26640470
v 0.30125888 0.91624418 0.26408275
v -0.15643447 0.84017789 0.51925849
v 0.15643447 0.84017789 0.51925849
v -0.08114185 0.78020437 0.62023958
v -0.08232358 0.91298249 0.39960705
v 0.08114185 0.78020437 0.62023958
v 0.08232358 0.91298249 0.39960705
v 0.00000000 -0.40335535 0.91504342
v 0.00000000 -0.13795224 0.99043888
v 0.00000000 0.40335535 0.91504342
v 0.00000000 0.13795224 0.99043888
v -0.48444164 -0.86492934 -0.13120038
v -0.37503857 -0.84391147 -0.38361373
v -0.35822879 -0.92430460 -0.13165537
v -0.08108629 -0.61564202 -0.78384304
v -0.23708633 -0.75865230 -0.60682515
v -0.08224247 -0.98768834 -0.13307110
v -0.23867693 -0.89100652 -0.38618739
v -0.22011703 -0.96639260 -0.13279248
v -0.30125888 -0.91624418 -0.26408275
v 0.48444164 -0.86492934 -0.13120038
v 0.37503857 -0.84391147 -0.38361373
v 0.35822879 -0.92430460 -0.13165537
v 0.08108629 -0.61564202 -0.78384304
v 0.23708633 -0.75865230 -0.60682515
v 0.00000000 -0.70290703 -0.71128173
v 0.08224247 -0.98768834 -0.13307110
v 0.23867693 -0.89100652 -0.38618739
v 0.22011703 -0.96639260 -0.13279248
v 0.00000000 -0.96386126 -0.26640470
v 0.30125888 -0.91624418 -0.26408275
v -0.15643447 -0.84017789 -0.51925849
v 0.15643447 -0.84017789 -0.51925849
v -0.08114185 -0.78020437 -0.62023958
v -0.08232358 -0.91298249 -0.39960705
v 0.08114185 -0.78020437 -0.62023958
v 0.08232358 -0.91298249 -0.39960705
v -0.48444164 0.86492934 -0.13120038
v -0.37503857 0.84391147 -0.38361373
v -0.35822879 0.92430460 -0.13165537
v -0.08108629 0.61564202 -0.78384304
v -0.23708633 0.75865230 -0.60682515
v -0.08224247 0.98768834 -0.13307110
v -0.23867693 0.89100652 -0.38618739
v -0.22011703 0.96639260 -0.13279248
v -0.30125888 0.91624418 -0.26408275
v 0.48444164 0.86492934 -0.13120038
v 0.37503857 0.84391147 -0.38361373
v 0.35822879 0.92430460 -0.13165537
v 0.08108629 0.61564202 -0.78384304
v 0.23708633 0.75865230 -0.60682515
v 0.00000000 0.70290703 -0.71128173
v 0.08224247 0.98768834 -0.13307110
v 0.23867693 0.89100652 -0.38618739
v 0.22011703 0.96639260 -0.13279248
v 0.00000000 0.96386126 -0.26640470
v 0.30125888 0.91624418 -0.26408275
v -0.15643447 0.84017789 -0.51925849
v 0.15643447 0.84017789 -0.51925849
v -0.08114185 0.78020437 -0.62023958
v -0.08232358 0.91298249 -0.39960705
v 0.08114185 0.78020437 -0.62023958
v 0.08232358 0.91298249 -0.39960705
v 0.00000000 -0.40335535 -0.91504342
v 0.00000000 -0.13795224 -0.99043888
v 0.00000000 0.40335535 -0.91504342
v 0.00000000 0.13795224 -0.99043888
v 0.61564202 0.78384304 -0.08108629
v 0.75865230 0.60682515 -0.23708633
v 0.57125166 0.79264923 -0.21302287
v 0.86492934 0.13120038 -0.48444164
v 0.84391147 0.38361373 -0.37503857
v 0.45399050 0.75793542 -0.46842985
v 0.70710678 0.60150096 -0.37174803
v 0.51612162 0.78345170 -0.34615301
v 0.64741189 0.70230985 -0.29600459
v 0.61564202 -0.78384304 -0.08108629
v 0.75865230 -0.60682515 -0.23708633
v 0.57125166 -0.79264923 -0.21302287
v 0.86492934 -0.13120038 -0.48444164
v 0.84391147 -0.38361373 -0.37503857
v 0.45399050 -0.75793542 -0.46842985
v 0.70710678 -0.60150096 -0.37174803
v 0.51612162 -0.78345170 -0.34615301
v 0.64741189 -0.70230985 -0.29600459
v 0.13120038 -0.48444164 -0.86492934
v 0.38361373 -0.37503857 -0.84391147
v 0.21302287 -0.57125166 -0.79264923
v 0.13165537 -0.35822879 -0.92430460
v 0.78384304 -0.08108629 -0.61564202
v 0.60682515 -0.23708633 -0.75865230
v 0.79264923 -0.21302287 -0.57125166
v 0.37174803 -0.70710678 -0.60150096
v 0.46842985 -0.45399050 -0.75793542
v 0.29600459 -0.64741189 -0.70230985
v 0.51337544 -0.64657779 -0.56425421
v 0.34615301 -0.51612162 -0.78345170
v 0.13307110 -0.08224247 -0.98768834
v 0.38618739 -0.23867693 -0.89100652
v 0.13279248 -0.22011703 -0.96639260
v 0.26408275 -0.30125888 -0.91624418
v 0.75793542 -0.46842985 -0.45399050
v 0.60150096 -0.37174803 -0.70710678
v 0.78345170 -0.34615301 -0.51612162
v 0.64657779 -0.56425421 -0.51337544
v 0.70230985 -0.29600459 -0.64741189
v 0.56425421 -0.51337544 -0.64657779
v 0.13120038 0.48444164 -0.86492934
v 0.38361373 0.37503857 -0.84391147
v 0.21302287 0.57125166 -0.79264923
v 0.13165537 0.35822879 -0.92430460
v 0.78384304 0.08108629 -0.61564202
v 0.60682515 0.23708633 -0.75865230
v 0.79264923 0.21302287 -0.57125166
v 0.71128173 0.00000000 -0.70290703
v 0.37174803 0.70710678 -0.60150096
v 0.46842985 0.45399050 -0.75793542
v 0.29600459 0.64741189 -0.70230985
v 0.51337544 0.64657779 -0.56425421
v 0.34615301 0.51612162 -0.78345170
v 0.13307110 0.08224247 -0.98768834
v 0.38618739 0.23867693 -0.89100652
v 0.13279248 0.22011703 -0.96639260
v 0.26640470 0.00000000 -0.96386126
v 0.26408275 0.30125888 -0.91624418
v 0.75793542 0.46842985 -0.45399050
v 0.60150096 0.37174803 -0.70710678
v 0.78345170 0.34615301 -0.51612162
v 0.64657779 0.56425421 -0.51337544
v 0.70230985 0.29600459 -0.64741189
v 0.56425421 0.51337544 -0.64657779
v 0.51925849 -0.15643447 -0.84017789
v 0.51925849 0.15643447 -0.84017789
v 0.62023958 -0.08114185 -0.78020437
v 0.39960705 -0.08232358 -0.91298249
v 0.62023958 0.08114185 -0.78020437
v 0.39960705 0.08232358 -0.91298249
v 0.61564202 0.78384304 0.08108629
v 0.75865230 0.60682515 0.23708633
v 0.57125166 0.79264923 0.21302287
v 0.70290703 0.71128173 0.00000000
v 0.86492934 0.13120038 0.48444164
v 0.84391147 0.38361373 0.37503857
v 0.45399050 0.75793542 0.46842985
v 0.70710678 0.60150096 0.37174803
v 0.51612162 0.78345170 0.34615301
v 0.64741189 0.70230985 0.29600459
v 0.84017789 0.51925849 -0.15643447
v 0.84017789 0.51925849 0.15643447
v 0.78020437 0.62023958 -0.08114185
v 0.78020437 0.62023958 0.08114185
v 0.61564202 -0.78384304 0.08108629
v 0.75865230 -0.60682515 0.23708633
v 0.57125166 -0.79264923 0.21302287
v 0.70290703 -0.71128173 0.00000000
v 0.86492934 -0.13120038 0.48444164
v 0.84391147 -0.38361373 0.37503857
v 0.45399050 -0.75793542 0.46842985
v 0.70710678 -0.60150096 0.37174803
v 0.51612162 -0.78345170 0.34615301
v 0.64741189 -0.70230985 0.29600459
v 0.84017789 -0.51925849 -0.15643447
v 0.84017789 -0.51925849 0.15643447
v 0.78020437 -0.62023958 -0.08114185
v 0.78020437 -0.62023958 0.08114185
v 0.13120038 -0.48444164 0.86492934
v 0.38361373 -0.37503857 0.84391147
v 0.21302287 -0.57125166 0.79264923
v 0.13165537 -0.35822879 0.92430460
v 0.78384304 -0.08108629 0.61564202
v 0.60682515 -0.23708633 0.75865230
v 0.79264923 -0.21302287 0.57125166
v 0.37174803 -0.70710678 0.60150096
v 0.46842985 -0.45399050 0.75793542
v 0.29600459 -0.64741189 0.70230985
v 0.51337544 -0.64657779 0.56425421
v 0.34615301 -0.51612162 0.78345170
v 0.13307110 -0.08224247 0.98768834
v 0.38618739 -0.23867693 0.89100652
v 0.13279248 -0.22011703 0.96639260
v 0.26408275 -0.30125888 0.91624418
v 0.75793542 -0.46842985 0.45399050
v 0.60150096 -0.37174803 0.70710678
v 0.78345170 -0.34615301 0.51612162
v 0.64657779 -0.56425421 0.51337544
v 0.70230985 -0.29600459 0.64741189
v 0.56425421 -0.51337544 0.64657779
v 0.13120038 0.48444164 0.86492934
v 0.38361373 0.37503857 0.84391147
v 0.21302287 0.57125166 0.79264923
v 0.13165537 0.35822879 0.92430460
v 0.78384304 0.08108629 0.61564202
v 0.60682515 0.23708633 0.75865230
v 0.79264923 0.21302287 0.57125166
v 0.71128173 0.00000000 0.70290703
v 0.37174803 0.70710678 0.60150096
v 0.46842985 0.45399050 0.75793542
v 0.29600459 0.64741189 0.70230985
v 0.51337544 0.64657779 0.56425421
v 0.34615301 0.51612162 0.78345170
v 0.13307110 0.08224247 0.98768834
v 0.38618739 0.23867693 0.89100652
v 0.13279248 0.22011703 0.96639260
v 0.26640470 0.00000000 0.96386126
v 0.26408275 0.30125888 0.91624418
v 0.75793542 0.46842985 0.45399050
v 0.60150096 0.37174803 0.70710678
v 0.78345170 0.34615301 0.51612162
v 0.64657779 0.56425421 0.51337544
v 0.70230985 0.29600459 0.64741189
v 0.56425421 0.51337544 0.64657779
v 0.51925849 -0.15643447 0.84017789
v 0.51925849 0.15643447 0.84017789
v 0.62023958 -0.08114185 0.78020437
v 0.39960705 -0.08232358 0.91298249
v 0.62023958 0.08114185 0.78020437
v 0.39960705 0.08232358 0.91298249
v 0.91504342 0.00000000 -0.40335535
v 0.99043888 0.00000000 -0.13795224
v 0.92430460 0.13165537 -0.35822879
v 0.92430460 -0.13165537 -0.35822879
v 0.91504342 0.00000000 0.40335535
v 0.99043888 0.00000000 0.13795224
v 0.92430460 0.13165537 0.35822879
v 0.92430460 -0.13165537 0.35822879
v 0.89100652 0.38618739 -0.23867693
v 0.98768834 0.13307110 -0.08224247
v 0.91624418 0.26408275 -0.30125888
v 0.91298249 0.39960705 -0.08232358
v 0.96639260 0.13279248 -0.22011703
v 0.89100652 -0.38618739 -0.23867693
v 0.98768834 -0.13307110 -0.08224247
v 0.91624418 -0.26408275 -0.30125888
v 0.91298249 -0.39960705 -0.08232358
v 0.96639260 -0.13279248 -0.22011703
v 0.89100652 0.38618739 0.23867693
v 0.98768834 0.13307110 0.08224247
v 0.91624418 0.26408275 0.30125888
v 0.91298249 0.39960705 0.08232358
v 0.96639260 0.13279248 0.22011703
v 0.96386126 0.26640470 0.00000000
v 0.89100652 -0.38618739 0.23867693
v 0.98768834 -0.13307110 0.08224247
v 0.91624418 -0.26408275 0.30125888
v 0.91298249 -0.39960705 0.08232358
v 0.96639260 -0.13279248 0.22011703
v 0.96386126 -0.26640470 0.00000000
v -0.61564202 0.78384304 -0.08108629
v -0.75865230 0.60682515 -0.23708633
v -0.57125166 0.79264923 -0.21302287
v -0.86492934 0.13120038 -0.48444164
v -0.84391147 0.38361373 -0.37503857
v -0.45399050 0.75793542 -0.46842985
v -0.70710678 0.60150096 -0.37174803
v -0.51612162 0.78345170 -0.34615301
v -0.64741189 0.70230985 -0.29600459
v -0.61564202 -0.78384304 -0.08108629
v -0.75865230 -0.60682515 -0.23708633
v -0.57125166 -0.79264923 -0.21302287
v -0.86492934 -0.13120038 -0.48444164
v -0.84391147 -0.38361373 -0.37503857
v -0.45399050 -0.75793542 -0.46842985
v -0.70710678 -0.60150096 -0.37174803
v -0.51612162 -0.78345170 -0.34615301
v -0.64741189 -0.70230985 -0.29600459
v -0.13120038 -0.48444164 -0.86492934
v -0.38361373 -0.37503857 -0.84391147
v -0.21302287 -0.57125166 -0.79264923
v -0.13165537 -0.35822879 -0.92430460
v -0.78384304 -0.08108629 -0.61564202
v -0.60682515 -0.23708633 -0.75865230
v -0.79264923 -0.21302287 -0.57125166
v -0.37174803 -0.70710678 -0.60150096
v -0.46842985 -0.45399050 -0.75793542
v -0.29600459 -0.64741189 -0.70230985
v -0.51337544 -0.64657779 -0.56425421
v -0.34615301 -0.51612162 -0.78345170
v -0.13307110 -0.08224247 -0.98768834
v -0.38618739 -0.23867693 -0.89100652
v -0.13279248 -0.22011703 -0.96639260
v -0.26408275 -0.30125888 -0.91624418
v -0.75793542 -0.46842985 -0.45399050
v -0.60150096 -0.37174803 -0.70710678
v -0.78345170 -0.34615301 -0.51612162
v -0.64657779 -0.56425421 -0.51337544
v -0.70230985 -0.29600459 -0.64741189
v -0.56425421 -0.51337544 -0.64657779
v -0.13120038 0.48444164 -0.86492934
v -0.38361373 0.37503857 -0.84391147
v -0.21302287 0.57125166 -0.79264923
v -0.13165537 0.35822879 -0.92430460
v -0.78384304 0.08108629 -0.61564202
v -0.60682515 0.23708633 -0.75865230
v -0.79264923 0.21302287 -0.57125166
v -0.71128173 0.00000000 -0.70290703
v -0.37174803 0.70710678 -0.60150096
v -0.46842985 0.45399050 -0.75793542
v -0.29600459 0.64741189 -0.70230985
v -0.51337544 0.64657779 -0.56425421
v -0.34615301 0.51612162 -0.78345170
v -0.13307110 0.08224247 -0.98768834
v -0.38618739 0.23867693 -0.89100652
v -0.13279248 0.22011703 -0.96639260
v -0.26640470 0.00000000 -0.96386126
v -0.26408275 0.30125888 -0.91624418
v -0.75793542 0.46842985 -0.45399050
v -0.60150096 0.37174803 -0.70710678
v -0.78345170 0.34615301 -0.51612162
v -0.64657779 0.56425421 -0.51337544
v -0.70230985 0.29600459 -0.64741189
v -0.56425421 0.51337544 -0.64657779
v -0.51925849 -0.15643447 -0.84017789
v -0.51925849 0.15643447 -0.84017789
v -0.62023958 -0.08114185 -0.78020437
v -0.39960705 -0.08232358 -0.91298249
v -0.62023958 0.08114185 -0.78020437
v -0.39960705 0.08232358 -0.91298249
v -0.61564202 0.78384304 0.08108629
v -0.75865230 0.60682515 0.23708633
v -0.57125166 0.79264923 0.21302287
v -0.70290703 0.71128173 0.00000000
v -0.86492934 0.13120038 0.48444164
v -0.84391147 0.38361373 0.37503857
v -0.45399050 0.75793542 0.46842985
v -0.70710678 0.60150096 0.37174803
v -0.51612162 0.78345170 0.34615301
v -0.64741189 0.70230985 0.29600459
v -0.84017789 0.51925849 -0.15643447
v -0.84017789 0.51925849 0.15643447
v -0.78020437 0.62023958 -0.08114185
v -0.78020437 0.62023958 0.08114185
v -0.61564202 -0.78384304 0.08108629
v -0.75865230 -0.60682515 0.23708633
v -0.57125166 -0.79264923 0.21302287
v -0.70290703 -0.71128173 0.00000000
v -0.86492934 -0.13120038 0.48444164
v -0.84391147 -0.38361373 0.37503857
v -0.45399050 -0.75793542 0.46842985
v -0.70710678 -0.60150096 0.37174803
v -0.51612162 -0.78345170 0.34615301
v -0.64741189 -0.70230985 0.29600459
v -0.84017789 -0.51925849 -0.15643447
v -0.84017789 -0.51925849 0.15643447
v -0.78020437 -0.62023958 -0.08114185
v -0.78020437 -0.62023958 0.08114185
v -0.13120038 -0.48444164 0.86492934
v -0.38361373 -0.37503857 0.84391147
v -0.21302287 -0.57125166 0.79264923
v -0.13165537 -0.35822879 0.92430460
v -0.78384304 -0.08108629 0.61564202
v -0.60682515 -0.23708633 0.75865230
v -0.79264923 -0.21302287 0.57125166
v -0.37174803 -0.70710678 0.60150096
v -0.46842985 -0.45399050 0.75793542
v -0.29600459 -0.64741189 0.70230985
v -0.51337544 -0.64657779 0.56425421
v -0.34615301 -0.51612162 0.78345170
v -0.13307110 -0.08224247 0.98768834
v -0.38618739 -0.23867693 0.89100652
v -0.13279248 -0.22011703 0.96639260
v -0.26408275 -0.30125888 0.91624418
v -0.75793542 -0.46842985 0.45399050
v -0.60150096 -0.37174803 0.70710678
v -0.78345170 -0.34615301 0.51612162
v -0.64657779 -0.56425421 0.51337544
v -0.70230985 -0.29600459 0.64741189
v -0.56425421 -0.51337544 0.64657779
v -0.13120038 0.48444164 0.86492934
v -0.38361373 0.37503857 0.84391147
v -0.21302287 0.57125166 0.79264923
v -0.13165537 0.35822879 0.92430460
v -0.78384304 0.08108629 0.61564202
v -0.60682515 0.23708633 0.75865230
v -0.79264923 0.21302287 0.57125166
v -0.71128173 0.00000000 0.70290703
v -0.37174803 0.70710678 0.60150096
v -0.46842985 0.45399050 0.75793542
v -0.29600459 0.64741189 0.70230985
v -0.51337544 0.64657779 0.56425421
v -0.34615301 0.51612162 0.78345170
v -0.13307110 0.08224247 0.98768834
v -0.38618739 0.23867693 0.89100652
v -0.13279248 0.22011703 0.96639260
v -0.26640470 0.00000000 0.96386126
v -0.26408275 0.30125888 0.91624418
v -0.75793542 0.46842985 0.45399050
v -0.60150096 0.37174803 0.70710678
v -0.78345170 0.34615301 0.51612162
v -0.64657779 0.56425421 0.51337544
v -0.70230985 0.29600459 0.64741189
v -0.56425421 0.51337544 0.64657779
v -0.51925849 -0.15643447 0.84017789
v -0.51925849 0.15643447 0.84017789
v -0.62023958 -0.08114185 0.78020437
v -0.39960705 -0.08232358 0.91298249
v -0.62023958 0.08114185 0.78020437
v -0.39960705 0.08232358 0.91298249
v -0.91504342 0.00000000 -0.40335535
v -0.99043888 0.00000000 -0.13795224
v -0.92430460 0.13165537 -0.35822879
v -0.92430460 -0.13165537 -0.35822879
v -0.91504342 0.00000000 0.40335535
v -0.99043888 0.00000000 0.13795224
v -0.92430460 0.13165537 0.35822879
v -0.92430460 -0.13165537 0.35822879
v -0.89100652 0.38618739 -0.23867693
v -0.98768834 0.13307110 -0.08224247
v -0.91624418 0.26408275 -0.30125888
v -0.91298249 0.39960705 -0.08232358
v -0.96639260 0.13279248 -0.22011703
v -0.89100652 -0.38618739 -0.23867693
v -0.98768834 -0.13307110 -0.08224247
v -0.91624418 -0.26408275 -0.30125888
v -0.91298249 -0.39960705 -0.08232358
v -0.96639260 -0.13279248 -0.22011703
v -0.89100652 0.38618739 0.23867693
v -0.98768834 0.13307110 0.08224247
v -0.91624418 0.26408275 0.30125888
v -0.91298249 0.39960705 0.08232358
v -0.96639260 0.13279248 0.22011703
v -0.96386126 0.26640470 0.00000000
v -0.89100652 -0.38618739 0.23867693
v -0.98768834 -0.13307110 0.08224247
v -0.91624418 -0.26408275 0.30125888
v -0.91298249 -0.39960705 0.08232358
v -0.96639260 -0.13279248 0.22011703
v -0.96386126 -0.26640470 0.00000000
f 1 533 197
f 533 138 535
f 197 535 54
f 533 535 197
f 138 534 542
f 534 38 540
f 542 540 140
f 534 540 542
f 54 541 198
f 541 140 539
f 198 539 17
f 541 539 198
f 138 542 535
f 542 140 541
f 535 541 54
f 542 541 535
f 38 538 601
f 538 139 603
f 601 603 155
f 538 603 601
f 139 537 589
f 537 12 587
f 589 587 152
f 537 587 589
f 155 605 602
f 605 152 588
f 602 588 41
f 605 588 602
f 139 589 603
f 589 152 605
f 603 605 155
f 589 605 603
f 17 591 201
f 591 153 593
f 201 593 55
f 591 593 201
f 153 592 595
f 592 41 584
f 595 584 151
f 592 584 595
f 55 585 200
f 585 151 583
f 200 583 6
f 585 583 200
f 153 595 593
f 595 151 585
f 593 585 55
f 595 585 593
f 38 601 540
f 601 155 604
f 540 604 140
f 601 604 540
f 155 602 606
f 602 41 592
f 606 592 153
f 602 592 606
f 140 594 539
f 594 153 591
f 539 591 17
f 594 591 539
f 155 606 604
f 606 153 594
f 604 594 140
f 606 594 604
f 1 197 163
f 197 54 199
f 163 199 43
f 197 199 163
f 54 198 205
f 198 17 203
f 205 203 56
f 198 203 205
f 43 204 164
f 204 56 202
f 164 202 13
f 204 202 164
f 54 205 199
f 205 56 204
f 199 204 43
f 205 204 199
f 17 201 217
f 201 55 219
f 217 219 60
f 201 219 217
f 55 200 211
f 200 6 209
f 211 209 58
f 200 209 211
f 60 221 218
f 221 58 210
f 218 210 18
f 221 210 218
f 55 211 219
f 211 58 221
f 219 221 60
f 211 221 219
f 13 212 166
f 212 59 214
f 166 214 44
f 212 214 166
f 59 213 216
f 213 18 207
f 216 207 57
f 213 207 216
f 44 208 165
f 208 57 206
f 165 206 2
f 208 206 165
f 59 216 214
f 216 57 208
f 214 208 44
f 216 208 214
f 17 217 203
f 217 60 220
f 203 220 56
f 217 220 203
f 60 218 222
f 218 18 213
f 222 213 59
f 218 213 222
f 56 215 202
f 215 59 212
f 202 212 13
f 215 212 202
f 60 222 220
f 222 59 215
f 220 215 56
f 222 215 220
f 1 163 253
f 163 43 255
f 253 255 70
f 163 255 253
f 43 164 260
f 164 13 258
f 260 258 72
f 164 258 260
f 70 261 254
f 261 72 259
f 254 259 22
f 261 259 254
f 43 260 255
f 260 72 261
f 255 261 70
f 260 261 255
f 13 166 268
f 166 44 270
f 268 270 75
f 166 270 268
f 44 165 264
f 165 2 262
f 264 262 73
f 165 262 264
f 75 272 269
f 272 73 263
f 269 263 23
f 272 263 269
f 44 264 270
f 264 73 272
f 270 272 75
f 264 272 270
f 22 273 257
f 273 76 275
f 257 275 71
f 273 275 257
f 76 274 277
f 274 23 266
f 277 266 74
f 274 266 277
f 71 267 256
f 267 74 265
f 256 265 8
f 267 265 256
f 76 277 275
f 277 74 267
f 275 267 71
f 277 267 275
f 13 268 258
f 268 75 271
f 258 271 72
f 268 271 258
f 75 269 278
f 269 23 274
f 278 274 76
f 269 274 278
f 72 276 259
f 276 76 273
f 259 273 22
f 276 273 259
f 75 278 271
f 278 76 276
f 271 276 72
f 278 276 271
f 1 253 463
f 253 70 465
f 463 465 121
f 253 465 463
f 70 254 470
f 254 22 468
f 470 468 123
f 254 468 470
f 121 471 464
f 471 123 469
f 464 469 34
f 471 469 464
f 70 470 465
f 470 123 471
f 465 471 121
f 470 471 465
f 22 257 511
f 257 71 513
f 511 513 134
f 257 513 511
f 71 256 505
f 256 8 503
f 505 503 132
f 256 503 505
f 134 515 512
f 515 132 504
f 512 504 37
f 515 504 512
f 71 505 513
f 505 132 515
f 513 515 134
f 505 515 513
f 34 521 467
f 521 136 523
f 467 523 122
f 521 523 467
f 136 522 525
f 522 37 508
f 525 508 133
f 522 508 525
f 122 509 466
f 509 133 507
f 466 507 11
f 509 507 466
f 136 525 523
f 525 133 509
f 523 509 122
f 525 509 523
f 22 511 468
f 511 134 514
f 468 514 123
f 511 514 468
f 134 512 526
f 512 37 522
f 526 522 136
f 512 522 526
f 123 524 469
f 524 136 521
f 469 521 34
f 524 521 469
f 134 526 514
f 526 136 524
f 514 524 123
f 526 524 514
f 1 463 533
f 463 121 536
f 533 536 138
f 463 536 533
f 121 464 545
f 464 34 543
f 545 543 141
f 464 543 545
f 138 546 534
f 546 141 544
f 534 544 38
f 546 544 534
f 121 545 536
f 545 141 546
f 536 546 138
f 545 546 536
f 34 467 621
f 467 122 623
f 621 623 159
f 467 623 621
f 122 466 615
f 466 11 613
f 615 613 157
f 466 613 615
f 159 625 622
f 625 157 614
f 622 614 42
f 625 614 622
f 122 615 623
f 615 157 625
f 623 625 159
f 615 625 623
f 38 631 538
f 631 161 633
f 538 633 139
f 631 633 538
f 161 632 635
f 632 42 618
f 635 618 158
f 632 618 635
f 139 619 537
f 619 158 617
f 537 617 12
f 619 617 537
f 161 635 633
f 635 158 619
f 633 619 139
f 635 619 633
f 34 621 543
f 621 159 624
f 543 624 141
f 621 624 543
f 159 622 636
f 622 42 632
f 636 632 161
f 622 632 636
f 141 634 544
f 634 161 631
f 544 631 38
f 634 631 544
f 159 636 624
f 636 161 634
f 624 634 141
f 636 634 624
f 2 206 353
f 206 57 355
f 353 355 96
f 206 355 353
f 57 207 361
f 207 18 359
f 361 359 98
f 207 359 361
f 96 362 354
f 362 98 360
f 354 360 29
f 362 360 354
f 57 361 355
f 361 98 362
f 355 362 96
f 361 362 355
f 18 210 411
f 210 58 413
f 411 413 111
f 210 413 411
f 58 209 405
f 209 6 403
f 405 403 109
f 209 403 405
f 111 415 412
f 415 109 404
f 412 404 32
f 415 404 412
f 58 405 413
f 405 109 415
f 413 415 111
f 405 415 413
f 29 421 358
f 421 113 423
f 358 423 97
f 421 423 358
f 113 422 425
f 422 32 408
f 425 408 110
f 422 408 425
f 97 409 357
f 409 110 407
f 357 407 10
f 409 407 357
f 113 425 423
f 425 110 409
f 423 409 97
f 425 409 423
f 18 411 359
f 411 111 414
f 359 414 98
f 411 414 359
f 111 412 426
f 412 32 422
f 426 422 113
f 412 422 426
f 98 424 360
f 424 113 421
f 360 421 29
f 424 421 360
f 111 426 414
f 426 113 424
f 414 424 98
f 426 424 414
f 6 583 225
f 583 151 586
f 225 586 62
f 583 586 225
f 151 584 600
f 584 41 597
f 600 597 154
f 584 597 600
f 62 598 226
f 598 154 596
f 226 596 19
f 598 596 226
f 151 600 586
f 600 154 598
f 586 598 62
f 600 598 586
f 41 588 608
f 588 152 611
f 608 611 156
f 588 611 608
f 152 587 590
f 587 12 565
f 590 565 147
f 587 565 590
f 156 609 607
f 609 147 566
f 607 566 40
f 609 566 607
f 152 590 611
f 590 147 609
f 611 609 156
f 590 609 611
f 19 573 224
f 573 149 575
f 224 575 61
f 573 575 224
f 149 574 576
f 574 40 562
f 576 562 146
f 574 562 576
f 61 564 223
f 564 146 561
f 223 561 5
f 564 561 223
f 149 576 575
f 576 146 564
f 575 564 61
f 576 564 575
f 41 608 597
f 608 156 612
f 597 612 154
f 608 612 597
f 156 607 610
f 607 40 574
f 610 574 149
f 607 574 610
f 154 599 596
f 599 149 573
f 596 573 19
f 599 573 596
f 156 610 612
f 610 149 599
f 612 599 154
f 610 599 612
f 12 617 551
f 617 158 620
f 551 620 143
f 617 620 551
f 158 618 641
f 618 42 638
f 641 638 162
f 618 638 641
f 143 639 552
f 639 162 637
f 552 637 39
f 639 637 552
f 158 641 620
f 641 162 639
f 620 639 143
f 641 639 620
f 42 614 627
f 614 157 630
f 627 630 160
f 614 630 627
f 157 613 616
f 613 11 475
f 616 475 125
f 613 475 616
f 160 628 626
f 628 125 476
f 626 476 35
f 628 476 626
f 157 616 630
f 616 125 628
f 630 628 160
f 616 628 630
f 39 558 548
f 558 145 560
f 548 560 142
f 558 560 548
f 145 557 559
f 557 35 473
f 559 473 124
f 557 473 559
f 142 550 547
f 550 124 472
f 547 472 3
f 550 472 547
f 145 559 560
f 559 124 550
f 560 550 142
f 559 550 560
f 42 627 638
f 627 160 642
f 638 642 162
f 627 642 638
f 160 626 629
f 626 35 557
f 629 557 145
f 626 557 629
f 162 640 637
f 640 145 558
f 637 558 39
f 640 558 637
f 160 629 642
f 629 145 640
f 642 640 162
f 629 640 642
f 11 507 485
f 507 133 510
f 485 510 128
f 507 510 485
f 133 508 531
f 508 37 528
f 531 528 137
f 508 528 531
f 128 529 486
f 529 137 527
f 486 527 36
f 529 527 486
f 133 531 510
f 531 137 529
f 510 529 128
f 531 529 510
f 37 504 517
f 504 132 520
f 517 520 135
f 504 520 517
f 132 503 506
f 503 8 281
f 506 281 78
f 503 281 506
f 135 518 516
f 518 78 282
f 516 282 24
f 518 282 516
f 132 506 520
f 506 78 518
f 520 518 135
f 506 518 520
f 36 494 482
f 494 130 496
f 482 496 127
f 494 496 482
f 130 493 495
f 493 24 280
f 495 280 77
f 493 280 495
f 127 484 481
f 484 77 279
f 481 279 7
f 484 279 481
f 130 495 496
f 495 77 484
f 496 484 127
f 495 484 496
f 37 517 528
f 517 135 532
f 528 532 137
f 517 532 528
f 135 516 519
f 516 24 493
f 519 493 130
f 516 493 519
f 137 530 527
f 530 130 494
f 527 494 36
f 530 494 527
f 135 519 532
f 519 130 530
f 532 530 137
f 519 530 532
f 8 265 323
f 265 74 325
f 323 325 90
f 265 325 323
f 74 266 333
f 266 23 331
f 333 331 92
f 266 331 333
f 90 335 324
f 335 92 332
f 324 332 28
f 335 332 324
f 74 333 325
f 333 92 335
f 325 335 90
f 333 335 325
f 23 263 288
f 263 73 290
f 288 290 81
f 263 290 288
f 73 262 285
f 262 2 283
f 285 283 79
f 262 283 285
f 81 291 289
f 291 79 284
f 289 284 25
f 291 284 289
f 73 285 290
f 285 79 291
f 290 291 81
f 285 291 290
f 28 342 328
f 342 94 345
f 328 345 91
f 342 345 328
f 94 341 343
f 341 25 287
f 343 287 80
f 341 287 343
f 91 329 327
f 329 80 286
f 327 286 9
f 329 286 327
f 94 343 345
f 343 80 329
f 345 329 91
f 343 329 345
f 23 288 331
f 288 81 334
f 331 334 92
f 288 334 331
f 81 289 344
f 289 25 341
f 344 341 94
f 289 341 344
f 92 346 332
f 346 94 342
f 332 342 28
f 346 342 332
f 81 344 334
f 344 94 346
f 334 346 92
f 344 346 334
f 4 367 180
f 367 100 369
f 180 369 50
f 367 369 180
f 100 368 376
f 368 30 374
f 376 374 102
f 368 374 376
f 50 375 181
f 375 102 373
f 181 373 16
f 375 373 181
f 100 376 369
f 376 102 375
f 369 375 50
f 376 375 369
f 30 372 397
f 372 101 399
f 397 399 108
f 372 399 397
f 101 371 387
f 371 10 385
f 387 385 105
f 371 385 387
f 108 401 398
f 401 105 386
f 398 386 31
f 401 386 398
f 101 387 399
f 387 105 401
f 399 401 108
f 387 401 399
f 16 388 184
f 388 106 390
f 184 390 51
f 388 390 184
f 106 389 392
f 389 31 382
f 392 382 104
f 389 382 392
f 51 383 183
f 383 104 381
f 183 381 5
f 383 381 183
f 106 392 390
f 392 104 383
f 390 383 51
f 392 383 390
f 30 397 374
f 397 108 400
f 374 400 102
f 397 400 374
f 108 398 402
f 398 31 389
f 402 389 106
f 398 389 402
f 102 391 373
f 391 106 388
f 373 388 16
f 391 388 373
f 108 402 400
f 402 106 391
f 400 391 102
f 402 391 400
f 4 180 169
f 180 50 182
f 169 182 46
f 180 182 169
f 50 181 190
f 181 16 187
f 190 187 52
f 181 187 190
f 46 188 170
f 188 52 186
f 170 186 14
f 188 186 170
f 50 190 182
f 190 52 188
f 182 188 46
f 190 188 182
f 16 184 192
f 184 51 195
f 192 195 53
f 184 195 192
f 51 183 185
f 183 5 174
f 185 174 48
f 183 174 185
f 53 193 191
f 193 48 175
f 191 175 15
f 193 175 191
f 51 185 195
f 185 48 193
f 195 193 53
f 185 193 195
f 14 176 168
f 176 49 178
f 168 178 45
f 176 178 168
f 49 177 179
f 177 15 172
f 179 172 47
f 177 172 179
f 45 173 167
f 173 47 171
f 167 171 3
f 173 171 167
f 49 179 178
f 179 47 173
f 178 173 45
f 179 173 178
f 16 192 187
f 192 53 196
f 187 196 52
f 192 196 187
f 53 191 194
f 191 15 177
f 194 177 49
f 191 177 194
f 52 189 186
f 189 49 176
f 186 176 14
f 189 176 186
f 53 194 196
f 194 49 189
f 196 189 52
f 194 189 196
f 4 169 236
f 169 46 238
f 236 238 66
f 169 238 236
f 46 170 244
f 170 14 242
f 244 242 68
f 170 242 244
f 66 246 237
f 246 68 243
f 237 243 21
f 246 243 237
f 46 244 238
f 244 68 246
f 238 246 66
f 244 246 238
f 14 168 232
f 168 45 234
f 232 234 65
f 168 234 232
f 45 167 229
f 167 3 227
f 229 227 63
f 167 227 229
f 65 235 233
f 235 63 228
f 233 228 20
f 235 228 233
f 45 229 234
f 229 63 235
f 234 235 65
f 229 235 234
f 21 248 240
f 248 69 251
f 240 251 67
f 248 251 240
f 69 247 249
f 247 20 231
f 249 231 64
f 247 231 249
f 67 241 239
f 241 64 230
f 239 230 7
f 241 230 239
f 69 249 251
f 249 64 241
f 251 241 67
f 249 241 251
f 14 232 242
f 232 65 245
f 242 245 68
f 232 245 242
f 65 233 250
f 233 20 247
f 250 247 69
f 233 247 250
f 68 252 243
f 252 69 248
f 243 248 21
f 252 248 243
f 65 250 245
f 250 69 252
f 245 252 68
f 250 252 245
f 4 236 292
f 236 66 294
f 292 294 82
f 236 294 292
f 66 237 299
f 237 21 297
f 299 297 84
f 237 297 299
f 82 300 293
f 300 84 298
f 293 298 26
f 300 298 293
f 66 299 294
f 299 84 300
f 294 300 82
f 299 300 294
f 21 240 308
f 240 67 310
f 308 310 87
f 240 310 308
f 67 239 303
f 239 7 301
f 303 301 85
f 239 301 303
f 87 312 309
f 312 85 302
f 309 302 27
f 312 302 309
f 67 303 310
f 303 85 312
f 310 312 87
f 303 312 310
f 26 317 296
f 317 89 319
f 296 319 83
f 317 319 296
f 89 318 321
f 318 27 306
f 321 306 86
f 318 306 321
f 83 307 295
f 307 86 305
f 295 305 9
f 307 305 295
f 89 321 319
f 321 86 307
f 319 307 83
f 321 307 319
f 21 308 297
f 308 87 311
f 297 311 84
f 308 311 297
f 87 309 322
f 309 27 318
f 322 318 89
f 309 318 322
f 84 320 298
f 320 89 317
f 298 317 26
f 320 317 298
f 87 322 311
f 322 89 320
f 311 320 84
f 322 320 311
f 4 292 367
f 292 82 370
f 367 370 100
f 292 370 367
f 82 293 379
f 293 26 377
f 379 377 103
f 293 377 379
f 100 380 368
f 380 103 378
f 368 378 30
f 380 378 368
f 82 379 370
f 379 103 380
f 370 380 100
f 379 380 370
f 26 296 446
f 296 83 448
f 446 448 118
f 296 448 446
f 83 295 436
f 295 9 433
f 436 433 115
f 295 433 436
f 118 450 447
f 450 115 434
f 447 434 33
f 450 434 447
f 83 436 448
f 436 115 450
f 448 450 118
f 436 450 448
f 30 457 372
f 457 120 459
f 372 459 101
f 457 459 372
f 120 458 461
f 458 33 438
f 461 438 116
f 458 438 461
f 101 440 371
f 440 116 437
f 371 437 10
f 440 437 371
f 120 461 459
f 461 116 440
f 459 440 101
f 461 440 459
f 26 446 377
f 446 118 449
f 377 449 103
f 446 449 377
f 118 447 462
f 447 33 458
f 462 458 120
f 447 458 462
f 103 460 378
f 460 120 457
f 378 457 30
f 460 457 378
f 118 462 449
f 462 120 460
f 449 460 103
f 462 460 449
f 5 381 223
f 381 104 384
f 223 384 61
f 381 384 223
f 104 382 396
f 382 31 394
f 396 394 107
f 382 394 396
f 61 395 224
f 395 107 393
f 224 393 19
f 395 393 224
f 104 396 384
f 396 107 395
f 384 395 61
f 396 395 384
f 31 386 427
f 386 105 429
f 427 429 114
f 386 429 427
f 105 385 410
f 385 10 407
f 410 407 110
f 385 407 410
f 114 431 428
f 431 110 408
f 428 408 32
f 431 408 428
f 105 410 429
f 410 110 431
f 429 431 114
f 410 431 429
f 19 416 226
f 416 112 418
f 226 418 62
f 416 418 226
f 112 417 420
f 417 32 404
f 420 404 109
f 417 404 420
f 62 406 225
f 406 109 403
f 225 403 6
f 406 403 225
f 112 420 418
f 420 109 406
f 418 406 62
f 420 406 418
f 31 427 394
f 427 114 430
f 394 430 107
f 427 430 394
f 114 428 432
f 428 32 417
f 432 417 112
f 428 417 432
f 107 419 393
f 419 112 416
f 393 416 19
f 419 416 393
f 114 432 430
f 432 112 419
f 430 419 107
f 432 419 430
f 3 171 547
f 171 47 549
f 547 549 142
f 171 549 547
f 47 172 555
f 172 15 553
f 555 553 144
f 172 553 555
f 142 556 548
f 556 144 554
f 548 554 39
f 556 554 548
f 47 555 549
f 555 144 556
f 549 556 142
f 555 556 549
f 15 175 568
f 175 48 570
f 568 570 148
f 175 570 568
f 48 174 563
f 174 5 561
f 563 561 146
f 174 561 563
f 148 572 569
f 572 146 562
f 569 562 40
f 572 562 569
f 48 563 570
f 563 146 572
f 570 572 148
f 563 572 570
f 39 577 552
f 577 150 579
f 552 579 143
f 577 579 552
f 150 578 581
f 578 40 566
f 581 566 147
f 578 566 581
f 143 567 551
f 567 147 565
f 551 565 12
f 567 565 551
f 150 581 579
f 581 147 567
f 579 567 143
f 581 567 579
f 15 568 553
f 568 148 571
f 553 571 144
f 568 571 553
f 148 569 582
f 569 40 578
f 582 578 150
f 569 578 582
f 144 580 554
f 580 150 577
f 554 577 39
f 580 577 554
f 148 582 571
f 582 150 580
f 571 580 144
f 582 580 571
f 7 230 481
f 230 64 483
f 481 483 127
f 230 483 481
f 64 231 490
f 231 20 488
f 490 488 129
f 231 488 490
f 127 492 482
f 492 129 489
f 482 489 36
f 492 489 482
f 64 490 483
f 490 129 492
f 483 492 127
f 490 492 483
f 20 228 477
f 228 63 479
f 477 479 126
f 228 479 477
f 63 227 474
f 227 3 472
f 474 472 124
f 227 472 474
f 126 480 478
f 480 124 473
f 478 473 35
f 480 473 478
f 63 474 479
f 474 124 480
f 479 480 126
f 474 480 479
f 36 498 486
f 498 131 501
f 486 501 128
f 498 501 486
f 131 497 499
f 497 35 476
f 499 476 125
f 497 476 499
f 128 487 485
f 487 125 475
f 485 475 11
f 487 475 485
f 131 499 501
f 499 125 487
f 501 487 128
f 499 487 501
f 20 477 488
f 477 126 491
f 488 491 129
f 477 491 488
f 126 478 500
f 478 35 497
f 500 497 131
f 478 497 500
f 129 502 489
f 502 131 498
f 489 498 36
f 502 498 489
f 126 500 491
f 500 131 502
f 491 502 129
f 500 502 491
f 9 305 327
f 305 86 330
f 327 330 91
f 305 330 327
f 86 306 349
f 306 27 347
f 349 347 95
f 306 347 349
f 91 351 328
f 351 95 348
f 328 348 28
f 351 348 328
f 86 349 330
f 349 95 351
f 330 351 91
f 349 351 330
f 27 302 314
f 302 85 316
f 314 316 88
f 302 316 314
f 85 301 304
f 301 7 279
f 304 279 77
f 301 279 304
f 88 315 313
f 315 77 280
f 313 280 24
f 315 280 313
f 85 304 316
f 304 77 315
f 316 315 88
f 304 315 316
f 28 337 324
f 337 93 340
f 324 340 90
f 337 340 324
f 93 336 338
f 336 24 282
f 338 282 78
f 336 282 338
f 90 326 323
f 326 78 281
f 323 281 8
f 326 281 323
f 93 338 340
f 338 78 326
f 340 326 90
f 338 326 340
f 27 314 347
f 314 88 350
f 347 350 95
f 314 350 347
f 88 313 339
f 313 24 336
f 339 336 93
f 313 336 339
f 95 352 348
f 352 93 337
f 348 337 28
f 352 337 348
f 88 339 350
f 339 93 352
f 350 352 95
f 339 352 350
f 10 437 357
f 437 116 439
f 357 439 97
f 437 439 357
f 116 438 455
f 438 33 452
f 455 452 119
f 438 452 455
f 97 453 358
f 453 119 451
f 358 451 29
f 453 451 358
f 116 455 439
f 455 119 453
f 439 453 97
f 455 453 439
f 33 434 442
f 434 115 445
f 442 445 117
f 434 445 442
f 115 433 435
f 433 9 286
f 435 286 80
f 433 286 435
f 117 443 441
f 443 80 287
f 441 287 25
f 443 287 441
f 115 435 445
f 435 80 443
f 445 443 117
f 435 443 445
f 29 364 354
f 364 99 366
f 354 366 96
f 364 366 354
f 99 363 365
f 363 25 284
f 365 284 79
f 363 284 365
f 96 356 353
f 356 79 283
f 353 283 2
f 356 283 353
f 99 365 366
f 365 79 356
f 366 356 96
f 365 356 366
f 33 442 452
f 442 117 456
f 452 456 119
f 442 456 452
f 117 441 444
f 441 25 363
f 444 363 99
f 441 363 444
f 119 454 451
f 454 99 364
f 451 364 29
f 454 364 451
f 117 444 456
f 444 99 454
f 456 454 119
f 444 454 456

o geometry_1
usemtl muted_gold
v -0.18926320 0.30623429 0.00000000
v 0.18926320 0.30623429 0.00000000
v -0.18926320 -0.30623429 0.00000000
v 0.18926320 -0.30623429 0.00000000
v 0.00000000 -0.18926320 0.30623429
v 0.00000000 0.18926320 0.30623429
v 0.00000000 -0.18926320 -0.30623429
v 0.00000000 0.18926320 -0.30623429
v 0.30623429 0.00000000 -0.18926320
v 0.30623429 0.00000000 0.18926320
v -0.30623429 0.00000000 -0.18926320
v -0.30623429 0.00000000 0.18926320
v 0.00000000 0.36000000 0.00000000
v 0.00000000 -0.36000000 0.00000000
v -0.11124612 -0.29124612 0.18000000
v 0.11124612 -0.29124612 0.18000000
v -0.11124612 0.29124612 0.18000000
v 0.11124612 0.29124612 0.18000000
v 0.00000000 0.00000000 0.36000000
v -0.11124612 -0.29124612 -0.18000000
v 0.11124612 -0.29124612 -0.18000000
v -0.11124612 0.29124612 -0.18000000
v 0.11124612 0.29124612 -0.18000000
v 0.00000000 0.00000000 -0.36000000
v 0.29124612 0.18000000 -0.11124612
v 0.29124612 -0.18000000 -0.11124612
v 0.18000000 -0.11124612 -0.29124612
v 0.18000000 0.11124612 -0.29124612
v 0.29124612 0.18000000 0.11124612
v 0.29124612 -0.18000000 0.11124612
v 0.18000000 -0.11124612 0.29124612
v 0.18000000 0.11124612 0.29124612
v 0.36000000 0.00000000 0.00000000
v -0.29124612 0.18000000 -0.11124612
v -0.29124612 -0.18000000 -0.11124612
v -0.18000000 -0.11124612 -0.29124612
v -0.18000000 0.11124612 -0.29124612
v -0.29124612 0.18000000 0.11124612
v -0.29124612 -0.18000000 0.11124612
v -0.18000000 -0.11124612 0.29124612
v -0.18000000 0.11124612 0.29124612
v -0.36000000 0.00000000 0.00000000
v -0.09837595 0.34629781 0.00000000
v 0.09837595 0.34629781 0.00000000
v -0.09837595 -0.34629781 0.00000000
v 0.09837595 -0.34629781 0.00000000
v -0.15619988 -0.31056065 0.09356109
v -0.05782393 -0.24976097 0.25273672
v -0.05848555 -0.34238035 0.09463160
v 0.15619988 -0.31056065 0.09356109
v 0.05782393 -0.24976097 0.25273672
v 0.05848555 -0.34238035 0.09463160
v 0.00000000 -0.30623429 0.18926320
v -0.15619988 0.31056065 0.09356109
v -0.05782393 0.24976097 0.25273672
v -0.05848555 0.34238035 0.09463160
v 0.15619988 0.31056065 0.09356109
v 0.05782393 0.24976097 0.25273672
v 0.05848555 0.34238035 0.09463160
v 0.00000000 0.30623429 0.18926320
v 0.00000000 -0.09837595 0.34629781
v 0.00000000 0.09837595 0.34629781
v -0.15619988 -0.31056065 -0.09356109
v -0.05782393 -0.24976097 -0.25273672
v -0.05848555 -0.34238035 -0.09463160
v 0.15619988 -0.31056065 -0.09356109
v 0.05782393 -0.24976097 -0.25273672
v 0.05848555 -0.34238035 -0.09463160
v 0.00000000 -0.30623429 -0.18926320
v -0.15619988 0.31056065 -0.09356109
v -0.05782393 0.24976097 -0.25273672
v -0.05848555 0.34238035 -0.09463160
v 0.15619988 0.31056065 -0.09356109
v 0.05782393 0.24976097 -0.25273672
v 0.05848555 0.34238035 -0.09463160
v 0.00000000 0.30623429 -0.18926320
v 0.00000000 -0.09837595 -0.34629781
v 0.00000000 0.09837595 -0.34629781
v 0.24976097 0.25273672 -0.05782393
v 0.31056065 0.09356109 -0.15619988
v 0.21160269 0.24774875 -0.15311715
v 0.24976097 -0.25273672 -0.05782393
v 0.31056065 -0.09356109 -0.15619988
v 0.21160269 -0.24774875 -0.15311715
v 0.09356109 -0.15619988 -0.31056065
v 0.25273672 -0.05782393 -0.24976097
v 0.15311715 -0.21160269 -0.24774875
v 0.09463160 -0.05848555 -0.34238035
v 0.24774875 -0.15311715 -0.21160269
v 0.09356109 0.15619988 -0.31056065
v 0.25273672 0.05782393 -0.24976097
v 0.15311715 0.21160269 -0.24774875
v 0.09463160 0.05848555 -0.34238035
v 0.24774875 0.15311715 -0.21160269
v 0.18926320 0.00000000 -0.30623429
v 0.24976097 0.25273672 0.05782393
v 0.31056065 0.09356109 0.15619988
v 0.21160269 0.24774875 0.15311715
v 0.30623429 0.18926320 0.00000000
v 0.24976097 -0.25273672 0.05782393
v 0.31056065 -0.09356109 0.15619988
v 0.21160269 -0.24774875 0.15311715
v 0.30623429 -0.18926320 0.00000000
v 0.09356109 -0.15619988 0.31056065
v 0.25273672 -0.05782393 0.24976097
v 0.15311715 -0.21160269 0.24774875
v 0.09463160 -0.05848555 0.34238035
v 0.24774875 -0.15311715 0.21160269
v 0.09356109 0.15619988 0.31056065
v 0.25273672 0.05782393 0.24976097
v 0.15311715 0.21160269 0.24774875
v 0.09463160 0.05848555 0.34238035
v 0.24774875 0.15311715 0.21160269
v 0.18926320 0.00000000 0.30623429
v 0.34629781 0.00000000 -0.09837595
v 0.34629781 0.00000000 0.09837595
v 0.34238035 0.09463160 -0.05848555
v 0.34238035 -0.09463160 -0.05848555
v 0.34238035 0.09463160 0.05848555
v 0.34238035 -0.09463160 0.05848555
v -0.24976097 0.25273672 -0.05782393
v -0.31056065 0.09356109 -0.15619988
v -0.21160269 0.24774875 -0.15311715
v -0.24976097 -0.25273672 -0.05782393
v -0.31056065 -0.09356109 -0.15619988
v -0.21160269 -0.24774875 -0.15311715
v -0.09356109 -0.15619988 -0.31056065
v -0.25273672 -0.05782393 -0.24976097
v -0.15311715 -0.21160269 -0.24774875
v -0.09463160 -0.05848555 -0.34238035
v -0.24774875 -0.15311715 -0.21160269
v -0.09356109 0.15619988 -0.31056065
v -0.25273672 0.05782393 -0.24976097
v -0.15311715 0.21160269 -0.24774875
v -0.09463160 0.05848555 -0.34238035
v -0.24774875 0.15311715 -0.21160269
v -0.18926320 0.00000000 -0.30623429
v -0.24976097 0.25273672 0.05782393
v -0.31056065 0.09356109 0.15619988
v -0.21160269 0.24774875 0.15311715
v -0.30623429 0.18926320 0.00000000
v -0.24976097 -0.25273672 0.05782393
v -0.31056065 -0.09356109 0.15619988
v -0.21160269 -0.24774875 0.15311715
v -0.30623429 -0.18926320 0.00000000
v -0.09356109 -0.15619988 0.31056065
v -0.25273672 -0.05782393 0.24976097
v -0.15311715 -0.21160269 0.24774875
v -0.09463160 -0.05848555 0.34238035
v -0.24774875 -0.15311715 0.21160269
v -0.09356109 0.15619988 0.31056065
v -0.25273672 0.05782393 0.24976097
v -0.15311715 0.21160269 0.24774875
v -0.09463160 0.05848555 0.34238035
v -0.24774875 0.15311715 0.21160269
v -0.18926320 0.00000000 0.30623429
v -0.34629781 0.00000000 -0.09837595
v -0.34629781 0.00000000 0.09837595
v -0.34238035 0.09463160 -0.05848555
v -0.34238035 -0.09463160 -0.05848555
v -0.34238035 0.09463160 0.05848555
v -0.34238035 -0.09463160 0.05848555
f 643 780 696
f 780 680 782
f 696 782 659
f 780 782 696
f 680 781 797
f 781 654 794
f 797 794 683
f 781 794 797
f 659 795 697
f 795 683 793
f 697 793 648
f 795 793 697
f 680 797 782
f 797 683 795
f 782 795 659
f 797 795 782
f 643 696 685
f 696 659 698
f 685 698 655
f 696 698 685
f 659 697 702
f 697 648 700
f 702 700 660
f 697 700 702
f 655 701 686
f 701 660 699
f 686 699 644
f 701 699 686
f 659 702 698
f 702 660 701
f 698 701 655
f 702 701 698
f 643 685 712
f 685 655 714
f 712 714 664
f 685 714 712
f 655 686 717
f 686 644 715
f 717 715 665
f 686 715 717
f 664 718 713
f 718 665 716
f 713 716 650
f 718 716 713
f 655 717 714
f 717 665 718
f 714 718 664
f 717 718 714
f 643 712 763
f 712 664 765
f 763 765 676
f 712 765 763
f 664 713 776
f 713 650 774
f 776 774 679
f 713 774 776
f 676 778 764
f 778 679 775
f 764 775 653
f 778 775 764
f 664 776 765
f 776 679 778
f 765 778 676
f 776 778 765
f 643 763 780
f 763 676 783
f 780 783 680
f 763 783 780
f 676 764 801
f 764 653 799
f 801 799 684
f 764 799 801
f 680 803 781
f 803 684 800
f 781 800 654
f 803 800 781
f 676 801 783
f 801 684 803
f 783 803 680
f 801 803 783
f 644 699 738
f 699 660 740
f 738 740 671
f 699 740 738
f 660 700 753
f 700 648 751
f 753 751 674
f 700 751 753
f 671 755 739
f 755 674 752
f 739 752 652
f 755 752 739
f 660 753 740
f 753 674 755
f 740 755 671
f 753 755 740
f 648 793 704
f 793 683 796
f 704 796 661
f 793 796 704
f 683 794 798
f 794 654 789
f 798 789 682
f 794 789 798
f 661 791 703
f 791 682 788
f 703 788 647
f 791 788 703
f 683 798 796
f 798 682 791
f 796 791 661
f 798 791 796
f 654 800 785
f 800 684 804
f 785 804 681
f 800 804 785
f 684 799 802
f 799 653 767
f 802 767 677
f 799 767 802
f 681 787 784
f 787 677 766
f 784 766 645
f 787 766 784
f 684 802 804
f 802 677 787
f 804 787 681
f 802 787 804
f 653 775 770
f 775 679 779
f 770 779 678
f 775 779 770
f 679 774 777
f 774 650 720
f 777 720 666
f 774 720 777
f 678 772 769
f 772 666 719
f 769 719 649
f 772 719 769
f 679 777 779
f 777 666 772
f 779 772 678
f 777 772 779
f 650 716 732
f 716 665 734
f 732 734 670
f 716 734 732
f 665 715 723
f 715 644 721
f 723 721 667
f 715 721 723
f 670 736 733
f 736 667 722
f 733 722 651
f 736 722 733
f 665 723 734
f 723 667 736
f 734 736 670
f 723 736 734
f 646 742 692
f 742 672 744
f 692 744 658
f 742 744 692
f 672 743 750
f 743 652 747
f 750 747 673
f 743 747 750
f 658 748 693
f 748 673 746
f 693 746 647
f 748 746 693
f 672 750 744
f 750 673 748
f 744 748 658
f 750 748 744
f 646 692 688
f 692 658 694
f 688 694 656
f 692 694 688
f 658 693 695
f 693 647 690
f 695 690 657
f 693 690 695
f 656 691 687
f 691 657 689
f 687 689 645
f 691 689 687
f 658 695 694
f 695 657 691
f 694 691 656
f 695 691 694
f 646 688 708
f 688 656 710
f 708 710 663
f 688 710 708
f 656 687 707
f 687 645 705
f 707 705 662
f 687 705 707
f 663 711 709
f 711 662 706
f 709 706 649
f 711 706 709
f 656 707 710
f 707 662 711
f 710 711 663
f 707 711 710
f 646 708 724
f 708 663 726
f 724 726 668
f 708 726 724
f 663 709 729
f 709 649 727
f 729 727 669
f 709 727 729
f 668 731 725
f 731 669 728
f 725 728 651
f 731 728 725
f 663 729 726
f 729 669 731
f 726 731 668
f 729 731 726
f 646 724 742
f 724 668 745
f 742 745 672
f 724 745 742
f 668 725 760
f 725 651 757
f 760 757 675
f 725 757 760
f 672 762 743
f 762 675 758
f 743 758 652
f 762 758 743
f 668 760 745
f 760 675 762
f 745 762 672
f 760 762 745
f 647 746 703
f 746 673 749
f 703 749 661
f 746 749 703
f 673 747 756
f 747 652 752
f 756 752 674
f 747 752 756
f 661 754 704
f 754 674 751
f 704 751 648
f 754 751 704
f 673 756 749
f 756 674 754
f 749 754 661
f 756 754 749
f 645 689 784
f 689 657 786
f 784 786 681
f 689 786 784
f 657 690 790
f 690 647 788
f 790 788 682
f 690 788 790
f 681 792 785
f 792 682 789
f 785 789 654
f 792 789 785
f 657 790 786
f 790 682 792
f 786 792 681
f 790 792 786
f 649 706 769
f 706 662 771
f 769 771 678
f 706 771 769
f 662 705 768
f 705 645 766
f 768 766 677
f 705 766 768
f 678 773 770
f 773 677 767
f 770 767 653
f 773 767 770
f 662 768 771
f 768 677 773
f 771 773 678
f 768 773 771
f 651 728 733
f 728 669 737
f 733 737 670
f 728 737 733
f 669 727 730
f 727 649 719
f 730 719 666
f 727 719 730
f 670 735 732
f 735 666 720
f 732 720 650
f 735 720 732
f 669 730 737
f 730 666 735
f 737 735 670
f 730 735 737
f 652 758 739
f 758 675 761
f 739 761 671
f 758 761 739
f 675 757 759
f 757 651 722
f 759 722 667
f 757 722 759
f 671 741 738
f 741 667 721
f 738 721 644
f 741 721 738
f 675 759 761
f 759 667 741
f 761 741 671
f 759 741 761

o geometry_2
usemtl muted_gold
v 0.88000000 -0.02250000 -0.21000000
v 0.88000000 -0.02250000 0.21000000
v 0.88000000 0.02250000 -0.21000000
v 0.88000000 0.02250000 0.21000000
v 1.60000000 -0.02250000 -0.21000000
v 1.60000000 -0.02250000 0.21000000
v 1.60000000 0.02250000 -0.21000000
v 1.60000000 0.02250000 0.21000000
f 806 808 805
f 809 806 805
f 805 808 807
f 807 809 805
f 806 812 808
f 810 806 809
f 810 812 806
f 808 812 807
f 811 809 807
f 807 812 811
f 811 810 809
f 812 810 811

o geometry_3
usemtl anodized_graphite
v -0.25813467 -0.00250000 -1.28064065
v -0.62186533 -0.00250000 -1.49064065
v -0.25813467 0.04250000 -1.28064065
v -0.62186533 0.04250000 -1.49064065
v -0.61813467 -0.00250000 -0.65710236
v -0.98186533 -0.00250000 -0.86710236
v -0.61813467 0.04250000 -0.65710236
v -0.98186533 0.04250000 -0.86710236
f 814 816 813
f 817 814 813
f 813 816 815
f 815 817 813
f 814 820 816
f 818 814 817
f 818 820 814
f 816 820 815
f 819 817 815
f 815 820 819
f 819 818 817
f 820 818 819

o geometry_4
usemtl muted_gold
v -0.62186533 0.01750000 1.49064065
v -0.25813467 0.01750000 1.28064065
v -0.62186533 0.06250000 1.49064065
v -0.25813467 0.06250000 1.28064065
v -0.98186533 0.01750000 0.86710236
v -0.61813467 0.01750000 0.65710236
v -0.98186533 0.06250000 0.86710236
v -0.61813467 0.06250000 0.65710236
f 822 824 821
f 825 822 821
f 821 824 823
f 823 825 821
f 822 828 824
f 826 822 825
f 826 828 822
f 824 828 823
f 827 825 823
f 823 828 827
f 827 826 825
f 828 826 827

o geometry_5
usemtl muted_gold
v 1.26800000 0.00000000 0.00000000
v 1.26765414 -0.00339197 0.00090888
v 1.26662983 -0.00665359 0.00178282
v 1.26496645 -0.00965951 0.00258826
v 1.26272792 -0.01229423 0.00329423
v 1.26000026 -0.01445648 0.00387360
v 1.25688830 -0.01606318 0.00430412
v 1.25351163 -0.01705258 0.00456923
v 1.25000000 -0.01738666 0.00465874
v 1.24648837 -0.01705258 0.00456923
v 1.24311170 -0.01606318 0.00430412
v 1.23999974 -0.01445648 0.00387360
v 1.23727208 -0.01229423 0.00329423
v 1.23503355 -0.00965951 0.00258826
v 1.23337017 -0.00665359 0.00178282
v 1.23234586 -0.00339197 0.00090888
v 1.23200000 -0.00000000 0.00000000
v 1.23234586 0.00339197 -0.00090888
v 1.23337017 0.00665359 -0.00178282
v 1.23503355 0.00965951 -0.00258826
v 1.23727208 0.01229423 -0.00329423
v 1.23999974 0.01445648 -0.00387360
v 1.24311170 0.01606318 -0.00430412
v 1.24648837 0.01705258 -0.00456923
v 1.25000000 0.01738666 -0.00465874
v 1.25351163 0.01705258 -0.00456923
v 1.25688830 0.01606318 -0.00430412
v 1.26000026 0.01445648 -0.00387360
v 1.26272792 0.01229423 -0.00329423
v 1.26496645 0.00965951 -0.00258826
v 1.26662983 0.00665359 -0.00178282
v 1.26765414 0.00339197 -0.00090888
v 1.24363574 0.06402524 0.23894545
v 1.24329652 0.06061581 0.23978915
v 1.24229189 0.05730247 0.24047007
v 1.24066048 0.05421255 0.24096205
v 1.23846496 0.05146481 0.24124619
v 1.23578971 0.04916482 0.24131156
v 1.23273755 0.04740099 0.24115564
v 1.22942575 0.04624109 0.24078444
v 1.22598160 0.04572970 0.24021222
v 1.22253745 0.04588647 0.23946096
v 1.21922566 0.04670537 0.23855954
v 1.21617349 0.04815494 0.23754260
v 1.21349824 0.05017946 0.23644922
v 1.21130272 0.05270115 0.23532141
v 1.20967131 0.05562308 0.23420253
v 1.20866668 0.05883298 0.23313556
v 1.20832747 0.06220749 0.23216151
v 1.20866668 0.06561692 0.23131781
v 1.20967131 0.06893026 0.23063688
v 1.21130272 0.07202017 0.23014490
v 1.21349824 0.07476792 0.22986076
v 1.21617349 0.07706790 0.22979539
v 1.21922566 0.07883174 0.22995131
v 1.22253745 0.07999164 0.23032251
v 1.22598160 0.08050303 0.23089473
v 1.22942575 0.08034626 0.23164599
v 1.23273755 0.07952736 0.23254741
v 1.23578971 0.07807779 0.23356435
v 1.23846496 0.07605326 0.23465773
v 1.24066048 0.07353158 0.23578554
v 1.24229189 0.07060964 0.23690442
v 1.24329652 0.06739975 0.23797139
v 1.17147925 0.12559002 0.46870835
v 1.17115971 0.12216380 0.46948938
v 1.17021338 0.11880073 0.46998470
v 1.16867662 0.11563005 0.47017528
v 1.16660848 0.11277362 0.47005379
v 1.16408846 0.11034120 0.46962490
v 1.16121338 0.10842627 0.46890510
v 1.15809373 0.10710243 0.46792204
v 1.15484942 0.10642054 0.46671351
v 1.15160510 0.10640680 0.46532594
v 1.14848545 0.10706176 0.46381266
v 1.14561038 0.10836023 0.46223183
v 1.14309035 0.11025233 0.46064419
v 1.14102222 0.11266532 0.45911077
v 1.13948545 0.11550650 0.45769047
v 1.13853912 0.11866666 0.45643790
v 1.13821958 0.12202438 0.45540117
v 1.13853912 0.12545060 0.45462015
v 1.13948545 0.12881367 0.45412483
v 1.14102222 0.13198435 0.45393425
v 1.14309035 0.13484078 0.45405574
v 1.14561038 0.13727320 0.45448462
v 1.14848545 0.13918813 0.45520443
v 1.15160510 0.14051197 0.45618749
v 1.15484942 0.14119387 0.45739602
v 1.15809373 0.14120760 0.45878359
v 1.16121338 0.14055264 0.46029686
v 1.16408846 0.13925417 0.46187770
v 1.16660848 0.13736208 0.46346533
v 1.16867662 0.13494908 0.46499876
v 1.17021338 0.13210790 0.46641905
v 1.17115971 0.12894774 0.46767163
v 1.05430347 0.18232846 0.68045906
v 1.05401589 0.17888675 0.68118233
v 1.05316421 0.17547785 0.68150660
v 1.05178117 0.17223274 0.68141940
v 1.04991990 0.16927614 0.68092408
v 1.04765193 0.16672167 0.68003969
v 1.04506443 0.16466750 0.67880020
v 1.04225683 0.16319256 0.67725325
v 1.03933702 0.16235353 0.67545829
v 1.03641721 0.16218267 0.67348429
v 1.03360960 0.16268653 0.67140713
v 1.03102210 0.16384575 0.66930661
v 1.02875413 0.16561579 0.66726347
v 1.02689286 0.16792862 0.66535621
v 1.02550982 0.17069537 0.66365814
v 1.02465814 0.17380970 0.66223451
v 1.02437056 0.17715194 0.66114003
v 1.02465814 0.18059364 0.66041676
v 1.02550982 0.18400255 0.66009250
v 1.02689286 0.18724765 0.66017969
v 1.02875413 0.19020425 0.66067501
v 1.03102210 0.19275872 0.66155940
v 1.03360960 0.19481290 0.66279889
v 1.03641721 0.19628784 0.66434584
v 1.03933702 0.19712686 0.66614080
v 1.04225683 0.19729773 0.66811480
v 1.04506443 0.19679386 0.67019196
v 1.04765193 0.19563464 0.67229248
v 1.04991990 0.19386460 0.67433562
v 1.05178117 0.19155177 0.67624288
v 1.05316421 0.18878502 0.67794095
v 1.05401589 0.18567069 0.67936458
v 0.89661140 0.23206011 0.86606011
v 0.89636684 0.22860484 0.86673275
v 0.89564254 0.22515576 0.86690709
v 0.89446636 0.22184541 0.86657641
v 0.89288348 0.21880102 0.86575344
v 0.89095473 0.21613957 0.86446979
v 0.88875424 0.21396334 0.86277479
v 0.88636657 0.21235596 0.86073359
v 0.88388348 0.21137921 0.85842462
v 0.88140038 0.21107062 0.85593662
v 0.87901271 0.21144205 0.85336520
v 0.87681222 0.21247922 0.85080917
v 0.87488348 0.21414228 0.84836677
v 0.87330060 0.21636731 0.84613186
v 0.87212441 0.21906882 0.84419031
v 0.87140012 0.22214298 0.84261675
v 0.87115555 0.22547165 0.84147165
v 0.87140012 0.22892692 0.84079900
v 0.87212441 0.23237600 0.84062467
v 0.87330060 0.23568634 0.84095534
v 0.87488348 0.23873073 0.84177832
v 0.87681222 0.24139219 0.84306197
v 0.87901271 0.24356841 0.84475696
v 0.88140038 0.24517579 0.84679817
v 0.88388348 0.24615254 0.84910713
v 0.88636657 0.24646113 0.85159514
v 0.88875424 0.24608971 0.85416656
v 0.89095473 0.24505254 0.85672258
v 0.89288348 0.24338948 0.85916498
v 0.89446636 0.24116444 0.86139990
v 0.89564254 0.23846294 0.86334144
v 0.89636684 0.23538878 0.86491500
v 0.70446306 0.27287382 1.01837895
v 0.70427090 0.26940742 1.01901005
v 0.70370183 0.26592537 1.01906134
v 0.70277771 0.26256148 1.01853085
v 0.70153405 0.25944504 1.01743897
v 0.70001864 0.25669579 1.01582766
v 0.69828973 0.25441939 1.01375884
v 0.69641375 0.25270333 1.01131201
v 0.69446279 0.25161355 1.00858121
v 0.69251184 0.25119193 1.00567137
v 0.69063586 0.25145467 1.00269433
v 0.68890694 0.25239167 0.99976448
v 0.68739154 0.25396693 0.99699442
v 0.68614788 0.25611992 0.99449060
v 0.68522375 0.25876788 0.99234924
v 0.68465468 0.26180907 0.99065263
v 0.68446253 0.26512661 0.98946598
v 0.68465468 0.26859301 0.98883488
v 0.68522375 0.27207506 0.98878359
v 0.68614788 0.27543894 0.98931408
v 0.68739154 0.27855539 0.99040596
v 0.68890694 0.28130464 0.99201727
v 0.69063586 0.28358103 0.99408609
v 0.69251184 0.28529710 0.99653292
v 0.69446279 0.28638688 0.99926372
v 0.69641375 0.28680850 1.00217356
v 0.69828973 0.28654576 1.00515060
v 0.70001864 0.28560876 1.00808045
v 0.70153405 0.28403349 1.01085051
v 0.70277771 0.28188051 1.01335433
v 0.70370183 0.27923255 1.01549569
v 0.70427090 0.27619136 1.01719230
v 0.48524259 0.30320114 1.13156206
v 0.48511024 0.29972647 1.13216229
v 0.48471825 0.29621992 1.13212215
v 0.48408170 0.29281625 1.13144318
v 0.48322506 0.28964626 1.13015149
v 0.48218123 0.28683178 1.12829671
v 0.48099033 0.28448095 1.12595011
v 0.47969813 0.28268413 1.12320187
v 0.47835429 0.28151036 1.12015762
v 0.47701045 0.28100475 1.11693433
v 0.47571825 0.28118672 1.11365588
v 0.47452736 0.28204930 1.11044825
v 0.47348353 0.28355932 1.10743472
v 0.47262688 0.28565877 1.10473109
v 0.47199033 0.28826695 1.10244125
v 0.47159835 0.29128364 1.10065322
v 0.47146599 0.29459291 1.09943569
v 0.47159835 0.29806758 1.09883547
v 0.47199033 0.30157413 1.09887561
v 0.47262688 0.30497779 1.09955457
v 0.47348353 0.30814778 1.10084626
v 0.47452736 0.31096227 1.10270105
v 0.47571825 0.31331309 1.10504764
v 0.47701045 0.31510992 1.10779588
v 0.47835429 0.31628369 1.11084013
v 0.47969813 0.31678930 1.11406342
v 0.48099033 0.31660732 1.11734187
v 0.48218123 0.31574475 1.12054950
v 0.48322506 0.31423472 1.12356303
v 0.48408170 0.31213528 1.12626667
v 0.48471825 0.30952710 1.12855650
v 0.48511024 0.30651041 1.13034453
v 0.24737453 0.32187661 1.20125988
v 0.24730705 0.31839685 1.20184109
v 0.24710722 0.31487521 1.20174465
v 0.24678271 0.31144705 1.20097426
v 0.24634600 0.30824409 1.19955952
v 0.24581386 0.30538943 1.19755480
v 0.24520674 0.30299277 1.19503715
v 0.24454799 0.30114621 1.19210331
v 0.24386290 0.29992072 1.18886603
v 0.24317782 0.29936339 1.18544972
v 0.24251906 0.29949564 1.18198567
v 0.24191195 0.30031238 1.17860698
v 0.24137981 0.30178223 1.17544352
v 0.24094309 0.30384870 1.17261684
v 0.24061858 0.30643238 1.17023558
v 0.24041875 0.30943399 1.16839124
v 0.24035128 0.31273816 1.16715471
v 0.24041875 0.31621793 1.16657349
v 0.24061858 0.31973956 1.16666993
v 0.24094309 0.32316773 1.16744033
v 0.24137981 0.32637068 1.16885506
v 0.24191195 0.32922534 1.17085978
v 0.24251906 0.33162200 1.17337743
v 0.24317782 0.33346856 1.17631127
v 0.24386290 0.33469405 1.17954855
v 0.24454799 0.33525138 1.18296486
v 0.24520674 0.33511914 1.18642892
v 0.24581386 0.33430240 1.18980760
v 0.24634600 0.33283255 1.19297106
v 0.24678271 0.33076607 1.19579774
v 0.24710722 0.32818239 1.19817900
v 0.24730705 0.32518079 1.20002334
v 0.00000000 0.32818255 1.22479395
v 0.00000000 0.32470106 1.22536874
v 0.00000000 0.32117433 1.22525329
v 0.00000000 0.31773790 1.22445203
v 0.00000000 0.31452381 1.22299574
v 0.00000000 0.31165558 1.22094040
v 0.00000000 0.30924345 1.21836499
v 0.00000000 0.30738010 1.21536848
v 0.00000000 0.30613714 1.21206603
v 0.00000000 0.30556235 1.20858454
v 0.00000000 0.30567780 1.20505781
v 0.00000000 0.30647906 1.20162137
v 0.00000000 0.30793535 1.19840728
v 0.00000000 0.30999069 1.19553906
v 0.00000000 0.31256610 1.19312692
v 0.00000000 0.31556261 1.19126357
v 0.00000000 0.31886506 1.19002062
v 0.00000000 0.32234655 1.18944582
v 0.00000000 0.32587328 1.18956128
v 0.00000000 0.32930972 1.19036254
v 0.00000000 0.33252381 1.19181883
v 0.00000000 0.33539203 1.19387417
v 0.00000000 0.33780417 1.19644958
v 0.00000000 0.33966752 1.19944609
v 0.00000000 0.34091047 1.20274854
v 0.00000000 0.34148527 1.20623003
v 0.00000000 0.34136981 1.20975675
v 0.00000000 0.34056855 1.21319319
v 0.00000000 0.33911226 1.21640728
v 0.00000000 0.33705692 1.21927551
v 0.00000000 0.33448151 1.22168764
v 0.00000000 0.33148500 1.22355099
v -0.24737453 0.32187661 1.20125988
v -0.24730705 0.31839685 1.20184109
v -0.24710722 0.31487521 1.20174465
v -0.24678271 0.31144705 1.20097426
v -0.24634600 0.30824409 1.19955952
v -0.24581386 0.30538943 1.19755480
v -0.24520674 0.30299277 1.19503715
v -0.24454799 0.30114621 1.19210331
v -0.24386290 0.29992072 1.18886603
v -0.24317782 0.29936339 1.18544972
v -0.24251906 0.29949564 1.18198567
v -0.24191195 0.30031238 1.17860698
v -0.24137981 0.30178223 1.17544352
v -0.24094309 0.30384870 1.17261684
v -0.24061858 0.30643238 1.17023558
v -0.24041875 0.30943399 1.16839124
v -0.24035128 0.31273816 1.16715471
v -0.24041875 0.31621793 1.16657349
v -0.24061858 0.31973956 1.16666993
v -0.24094309 0.32316773 1.16744033
v -0.24137981 0.32637068 1.16885506
v -0.24191195 0.32922534 1.17085978
v -0.24251906 0.33162200 1.17337743
v -0.24317782 0.33346856 1.17631127
v -0.24386290 0.33469405 1.17954855
v -0.24454799 0.33525138 1.18296486
v -0.24520674 0.33511914 1.18642892
v -0.24581386 0.33430240 1.18980760
v -0.24634600 0.33283255 1.19297106
v -0.24678271 0.33076607 1.19579774
v -0.24710722 0.32818239 1.19817900
v -0.24730705 0.32518079 1.20002334
v -0.48524259 0.30320114 1.13156206
v -0.48511024 0.29972647 1.13216229
v -0.48471825 0.29621992 1.13212215
v -0.48408170 0.29281625 1.13144318
v -0.48322506 0.28964626 1.13015149
v -0.48218123 0.28683178 1.12829671
v -0.48099033 0.28448095 1.12595011
v -0.47969813 0.28268413 1.12320187
v -0.47835429 0.28151036 1.12015762
v -0.47701045 0.28100475 1.11693433
v -0.47571825 0.28118672 1.11365588
v -0.47452736 0.28204930 1.11044825
v -0.47348353 0.28355932 1.10743472
v -0.47262688 0.28565877 1.10473109
v -0.47199033 0.28826695 1.10244125
v -0.47159835 0.29128364 1.10065322
v -0.47146599 0.29459291 1.09943569
v -0.47159835 0.29806758 1.09883547
v -0.47199033 0.30157413 1.09887561
v -0.47262688 0.30497779 1.09955457
v -0.47348353 0.30814778 1.10084626
v -0.47452736 0.31096227 1.10270105
v -0.47571825 0.31331309 1.10504764
v -0.47701045 0.31510992 1.10779588
v -0.47835429 0.31628369 1.11084013
v -0.47969813 0.31678930 1.11406342
v -0.48099033 0.31660732 1.11734187
v -0.48218123 0.31574475 1.12054950
v -0.48322506 0.31423472 1.12356303
v -0.48408170 0.31213528 1.12626667
v -0.48471825 0.30952710 1.12855650
v -0.48511024 0.30651041 1.13034453
v -0.70446306 0.27287382 1.01837895
v -0.70427090 0.26940742 1.01901005
v -0.70370183 0.26592537 1.01906134
v -0.70277771 0.26256148 1.01853085
v -0.70153405 0.25944504 1.01743897
v -0.70001864 0.25669579 1.01582766
v -0.69828973 0.25441939 1.01375884
v -0.69641375 0.25270333 1.01131201
v -0.69446279 0.25161355 1.00858121
v -0.69251184 0.25119193 1.00567137
v -0.69063586 0.25145467 1.00269433
v -0.68890694 0.25239167 0.99976448
v -0.68739154 0.25396693 0.99699442
v -0.68614788 0.25611992 0.99449060
v -0.68522375 0.25876788 0.99234924
v -0.68465468 0.26180907 0.99065263
v -0.68446253 0.26512661 0.98946598
v -0.68465468 0.26859301 0.98883488
v -0.68522375 0.27207506 0.98878359
v -0.68614788 0.27543894 0.98931408
v -0.68739154 0.27855539 0.99040596
v -0.68890694 0.28130464 0.99201727
v -0.69063586 0.28358103 0.99408609
v -0.69251184 0.28529710 0.99653292
v -0.69446279 0.28638688 0.99926372
v -0.69641375 0.28680850 1.00217356
v -0.69828973 0.28654576 1.00515060
v -0.70001864 0.28560876 1.00808045
v -0.70153405 0.28403349 1.01085051
v -0.70277771 0.28188051 1.01335433
v -0.70370183 0.27923255 1.01549569
v -0.70427090 0.27619136 1.01719230
v -0.89661140 0.23206011 0.86606011
v -0.89636684 0.22860484 0.86673275
v -0.89564254 0.22515576 0.86690709
v -0.89446636 0.22184541 0.86657641
v -0.89288348 0.21880102 0.86575344
v -0.89095473 0.21613957 0.86446979
v -0.88875424 0.21396334 0.86277479
v -0.88636657 0.21235596 0.86073359
v -0.88388348 0.21137921 0.85842462
v -0.88140038 0.21107062 0.85593662
v -0.87901271 0.21144205 0.85336520
v -0.87681222 0.21247922 0.85080917
v -0.87488348 0.21414228 0.84836677
v -0.87330060 0.21636731 0.84613186
v -0.87212441 0.21906882 0.84419031
v -0.87140012 0.22214298 0.84261675
v -0.87115555 0.22547165 0.84147165
v -0.87140012 0.22892692 0.84079900
v -0.87212441 0.23237600 0.84062467
v -0.87330060 0.23568634 0.84095534
v -0.87488348 0.23873073 0.84177832
v -0.87681222 0.24139219 0.84306197
v -0.87901271 0.24356841 0.84475696
v -0.88140038 0.24517579 0.84679817
v -0.88388348 0.24615254 0.84910713
v -0.88636657 0.24646113 0.85159514
v -0.88875424 0.24608971 0.85416656
v -0.89095473 0.24505254 0.85672258
v -0.89288348 0.24338948 0.85916498
v -0.89446636 0.24116444 0.86139990
v -0.89564254 0.23846294 0.86334144
v -0.89636684 0.23538878 0.86491500
v -1.05430347 0.18232846 0.68045906
v -1.05401589 0.17888675 0.68118233
v -1.05316421 0.17547785 0.68150660
v -1.05178117 0.17223274 0.68141940
v -1.04991990 0.16927614 0.68092408
v -1.04765193 0.16672167 0.68003969
v -1.04506443 0.16466750 0.67880020
v -1.04225683 0.16319256 0.67725325
v -1.03933702 0.16235353 0.67545829
v -1.03641721 0.16218267 0.67348429
v -1.03360960 0.16268653 0.67140713
v -1.03102210 0.16384575 0.66930661
v -1.02875413 0.16561579 0.66726347
v -1.02689286 0.16792862 0.66535621
v -1.02550982 0.17069537 0.66365814
v -1.02465814 0.17380970 0.66223451
v -1.02437056 0.17715194 0.66114003
v -1.02465814 0.18059364 0.66041676
v -1.02550982 0.18400255 0.66009250
v -1.02689286 0.18724765 0.66017969
v -1.02875413 0.19020425 0.66067501
v -1.03102210 0.19275872 0.66155940
v -1.03360960 0.19481290 0.66279889
v -1.03641721 0.19628784 0.66434584
v -1.03933702 0.19712686 0.66614080
v -1.04225683 0.19729773 0.66811480
v -1.04506443 0.19679386 0.67019196
v -1.04765193 0.19563464 0.67229248
v -1.04991990 0.19386460 0.67433562
v -1.05178117 0.19155177 0.67624288
v -1.05316421 0.18878502 0.67794095
v -1.05401589 0.18567069 0.67936458
v -1.17147925 0.12559002 0.46870835
v -1.17115971 0.12216380 0.46948938
v -1.17021338 0.11880073 0.46998470
v -1.16867662 0.11563005 0.47017528
v -1.16660848 0.11277362 0.47005379
v -1.16408846 0.11034120 0.46962490
v -1.16121338 0.10842627 0.46890510
v -1.15809373 0.10710243 0.46792204
v -1.15484942 0.10642054 0.46671351
v -1.15160510 0.10640680 0.46532594
v -1.14848545 0.10706176 0.46381266
v -1.14561038 0.10836023 0.46223183
v -1.14309035 0.11025233 0.46064419
v -1.14102222 0.11266532 0.45911077
v -1.13948545 0.11550650 0.45769047
v -1.13853912 0.11866666 0.45643790
v -1.13821958 0.12202438 0.45540117
v -1.13853912 0.12545060 0.45462015
v -1.13948545 0.12881367 0.45412483
v -1.14102222 0.13198435 0.45393425
v -1.14309035 0.13484078 0.45405574
v -1.14561038 0.13727320 0.45448462
v -1.14848545 0.13918813 0.45520443
v -1.15160510 0.14051197 0.45618749
v -1.15484942 0.14119387 0.45739602
v -1.15809373 0.14120760 0.45878359
v -1.16121338 0.14055264 0.46029686
v -1.16408846 0.13925417 0.46187770
v -1.16660848 0.13736208 0.46346533
v -1.16867662 0.13494908 0.46499876
v -1.17021338 0.13210790 0.46641905
v -1.17115971 0.12894774 0.46767163
v -1.24363574 0.06402524 0.23894545
v -1.24329652 0.06061581 0.23978915
v -1.24229189 0.05730247 0.24047007
v -1.24066048 0.05421255 0.24096205
v -1.23846496 0.05146481 0.24124619
v -1.23578971 0.04916482 0.24131156
v -1.23273755 0.04740099 0.24115564
v -1.22942575 0.04624109 0.24078444
v -1.22598160 0.04572970 0.24021222
v -1.22253745 0.04588647 0.23946096
v -1.21922566 0.04670537 0.23855954
v -1.21617349 0.04815494 0.23754260
v -1.21349824 0.05017946 0.23644922
v -1.21130272 0.05270115 0.23532141
v -1.20967131 0.05562308 0.23420253
v -1.20866668 0.05883298 0.23313556
v -1.20832747 0.06220749 0.23216151
v -1.20866668 0.06561692 0.23131781
v -1.20967131 0.06893026 0.23063688
v -1.21130272 0.07202017 0.23014490
v -1.21349824 0.07476792 0.22986076
v -1.21617349 0.07706790 0.22979539
v -1.21922566 0.07883174 0.22995131
v -1.22253745 0.07999164 0.23032251
v -1.22598160 0.08050303 0.23089473
v -1.22942575 0.08034626 0.23164599
v -1.23273755 0.07952736 0.23254741
v -1.23578971 0.07807779 0.23356435
v -1.23846496 0.07605326 0.23465773
v -1.24066048 0.07353158 0.23578554
v -1.24229189 0.07060964 0.23690442
v -1.24329652 0.06739975 0.23797139
v -1.26800000 0.00000000 0.00000000
v -1.26765414 -0.00339197 0.00090888
v -1.26662983 -0.00665359 0.00178282
v -1.26496645 -0.00965951 0.00258826
v -1.26272792 -0.01229423 0.00329423
v -1.26000026 -0.01445648 0.00387360
v -1.25688830 -0.01606318 0.00430412
v -1.25351163 -0.01705258 0.00456923
v -1.25000000 -0.01738666 0.00465874
v -1.24648837 -0.01705258 0.00456923
v -1.24311170 -0.01606318 0.00430412
v -1.23999974 -0.01445648 0.00387360
v -1.23727208 -0.01229423 0.00329423
v -1.23503355 -0.00965951 0.00258826
v -1.23337017 -0.00665359 0.00178282
v -1.23234586 -0.00339197 0.00090888
v -1.23200000 0.00000000 0.00000000
v -1.23234586 0.00339197 -0.00090888
v -1.23337017 0.00665359 -0.00178282
v -1.23503355 0.00965951 -0.00258826
v -1.23727208 0.01229423 -0.00329423
v -1.23999974 0.01445648 -0.00387360
v -1.24311170 0.01606318 -0.00430412
v -1.24648837 0.01705258 -0.00456923
v -1.25000000 0.01738666 -0.00465874
v -1.25351163 0.01705258 -0.00456923
v -1.25688830 0.01606318 -0.00430412
v -1.26000026 0.01445648 -0.00387360
v -1.26272792 0.01229423 -0.00329423
v -1.26496645 0.00965951 -0.00258826
v -1.26662983 0.00665359 -0.00178282
v -1.26765414 0.00339197 -0.00090888
v -1.24363574 -0.06402524 -0.23894545
v -1.24329652 -0.06739975 -0.23797139
v -1.24229189 -0.07060964 -0.23690442
v -1.24066048 -0.07353158 -0.23578554
v -1.23846496 -0.07605326 -0.23465773
v -1.23578971 -0.07807779 -0.23356435
v -1.23273755 -0.07952736 -0.23254741
v -1.22942575 -0.08034626 -0.23164599
v -1.22598160 -0.08050303 -0.23089473
v -1.22253745 -0.07999164 -0.23032251
v -1.21922566 -0.07883174 -0.22995131
v -1.21617349 -0.07706790 -0.22979539
v -1.21349824 -0.07476792 -0.22986076
v -1.21130272 -0.07202017 -0.23014490
v -1.20967131 -0.06893026 -0.23063688
v -1.20866668 -0.06561692 -0.23131781
v -1.20832747 -0.06220749 -0.23216151
v -1.20866668 -0.05883298 -0.23313556
v -1.20967131 -0.05562308 -0.23420253
v -1.21130272 -0.05270115 -0.23532141
v -1.21349824 -0.05017946 -0.23644922
v -1.21617349 -0.04815494 -0.23754260
v -1.21922566 -0.04670537 -0.23855954
v -1.22253745 -0.04588647 -0.23946096
v -1.22598160 -0.04572970 -0.24021222
v -1.22942575 -0.04624109 -0.24078444
v -1.23273755 -0.04740099 -0.24115564
v -1.23578971 -0.04916482 -0.24131156
v -1.23846496 -0.05146481 -0.24124619
v -1.24066048 -0.05421255 -0.24096205
v -1.24229189 -0.05730247 -0.24047007
v -1.24329652 -0.06061581 -0.23978915
v -1.17147925 -0.12559002 -0.46870835
v -1.17115971 -0.12894774 -0.46767163
v -1.17021338 -0.13210790 -0.46641905
v -1.16867662 -0.13494908 -0.46499876
v -1.16660848 -0.13736208 -0.46346533
v -1.16408846 -0.13925417 -0.46187770
v -1.16121338 -0.14055264 -0.46029686
v -1.15809373 -0.14120760 -0.45878359
v -1.15484942 -0.14119387 -0.45739602
v -1.15160510 -0.14051197 -0.45618749
v -1.14848545 -0.13918813 -0.45520443
v -1.14561038 -0.13727320 -0.45448462
v -1.14309035 -0.13484078 -0.45405574
v -1.14102222 -0.13198435 -0.45393425
v -1.13948545 -0.12881367 -0.45412483
v -1.13853912 -0.12545060 -0.45462015
v -1.13821958 -0.12202438 -0.45540117
v -1.13853912 -0.11866666 -0.45643790
v -1.13948545 -0.11550650 -0.45769047
v -1.14102222 -0.11266532 -0.45911077
v -1.14309035 -0.11025233 -0.46064419
v -1.14561038 -0.10836023 -0.46223183
v -1.14848545 -0.10706176 -0.46381266
v -1.15160510 -0.10640680 -0.46532594
v -1.15484942 -0.10642054 -0.46671351
v -1.15809373 -0.10710243 -0.46792204
v -1.16121338 -0.10842627 -0.46890510
v -1.16408846 -0.11034120 -0.46962490
v -1.16660848 -0.11277362 -0.47005379
v -1.16867662 -0.11563005 -0.47017528
v -1.17021338 -0.11880073 -0.46998470
v -1.17115971 -0.12216380 -0.46948938
v -1.05430347 -0.18232846 -0.68045906
v -1.05401589 -0.18567069 -0.67936458
v -1.05316421 -0.18878502 -0.67794095
v -1.05178117 -0.19155177 -0.67624288
v -1.04991990 -0.19386460 -0.67433562
v -1.04765193 -0.19563464 -0.67229248
v -1.04506443 -0.19679386 -0.67019196
v -1.04225683 -0.19729773 -0.66811480
v -1.03933702 -0.19712686 -0.66614080
v -1.03641721 -0.19628784 -0.66434584
v -1.03360960 -0.19481290 -0.66279889
v -1.03102210 -0.19275872 -0.66155940
v -1.02875413 -0.19020425 -0.66067501
v -1.02689286 -0.18724765 -0.66017969
v -1.02550982 -0.18400255 -0.66009250
v -1.02465814 -0.18059364 -0.66041676
v -1.02437056 -0.17715194 -0.66114003
v -1.02465814 -0.17380970 -0.66223451
v -1.02550982 -0.17069537 -0.66365814
v -1.02689286 -0.16792862 -0.66535621
v -1.02875413 -0.16561579 -0.66726347
v -1.03102210 -0.16384575 -0.66930661
v -1.03360960 -0.16268653 -0.67140713
v -1.03641721 -0.16218267 -0.67348429
v -1.03933702 -0.16235353 -0.67545829
v -1.04225683 -0.16319256 -0.67725325
v -1.04506443 -0.16466750 -0.67880020
v -1.04765193 -0.16672167 -0.68003969
v -1.04991990 -0.16927614 -0.68092408
v -1.05178117 -0.17223274 -0.68141940
v -1.05316421 -0.17547785 -0.68150660
v -1.05401589 -0.17888675 -0.68118233
v -0.89661140 -0.23206011 -0.86606011
v -0.89636684 -0.23538878 -0.86491500
v -0.89564254 -0.23846294 -0.86334144
v -0.89446636 -0.24116444 -0.86139990
v -0.89288348 -0.24338948 -0.85916498
v -0.89095473 -0.24505254 -0.85672258
v -0.88875424 -0.24608971 -0.85416656
v -0.88636657 -0.24646113 -0.85159514
v -0.88388348 -0.24615254 -0.84910713
v -0.88140038 -0.24517579 -0.84679817
v -0.87901271 -0.24356841 -0.84475696
v -0.87681222 -0.24139219 -0.84306197
v -0.87488348 -0.23873073 -0.84177832
v -0.87330060 -0.23568634 -0.84095534
v -0.87212441 -0.23237600 -0.84062467
v -0.87140012 -0.22892692 -0.84079900
v -0.87115555 -0.22547165 -0.84147165
v -0.87140012 -0.22214298 -0.84261675
v -0.87212441 -0.21906882 -0.84419031
v -0.87330060 -0.21636731 -0.84613186
v -0.87488348 -0.21414228 -0.84836677
v -0.87681222 -0.21247922 -0.85080917
v -0.87901271 -0.21144205 -0.85336520
v -0.88140038 -0.21107062 -0.85593662
v -0.88388348 -0.21137921 -0.85842462
v -0.88636657 -0.21235596 -0.86073359
v -0.88875424 -0.21396334 -0.86277479
v -0.89095473 -0.21613957 -0.86446979
v -0.89288348 -0.21880102 -0.86575344
v -0.89446636 -0.22184541 -0.86657641
v -0.89564254 -0.22515576 -0.86690709
v -0.89636684 -0.22860484 -0.86673275
v -0.70446306 -0.27287382 -1.01837895
v -0.70427090 -0.27619136 -1.01719230
v -0.70370183 -0.27923255 -1.01549569
v -0.70277771 -0.28188051 -1.01335433
v -0.70153405 -0.28403349 -1.01085051
v -0.70001864 -0.28560876 -1.00808045
v -0.69828973 -0.28654576 -1.00515060
v -0.69641375 -0.28680850 -1.00217356
v -0.69446279 -0.28638688 -0.99926372
v -0.69251184 -0.28529710 -0.99653292
v -0.69063586 -0.28358103 -0.99408609
v -0.68890694 -0.28130464 -0.99201727
v -0.68739154 -0.27855539 -0.99040596
v -0.68614788 -0.27543894 -0.98931408
v -0.68522375 -0.27207506 -0.98878359
v -0.68465468 -0.26859301 -0.98883488
v -0.68446253 -0.26512661 -0.98946598
v -0.68465468 -0.26180907 -0.99065263
v -0.68522375 -0.25876788 -0.99234924
v -0.68614788 -0.25611992 -0.99449060
v -0.68739154 -0.25396693 -0.99699442
v -0.68890694 -0.25239167 -0.99976448
v -0.69063586 -0.25145467 -1.00269433
v -0.69251184 -0.25119193 -1.00567137
v -0.69446279 -0.25161355 -1.00858121
v -0.69641375 -0.25270333 -1.01131201
v -0.69828973 -0.25441939 -1.01375884
v -0.70001864 -0.25669579 -1.01582766
v -0.70153405 -0.25944504 -1.01743897
v -0.70277771 -0.26256148 -1.01853085
v -0.70370183 -0.26592537 -1.01906134
v -0.70427090 -0.26940742 -1.01901005
v -0.48524259 -0.30320114 -1.13156206
v -0.48511024 -0.30651041 -1.13034453
v -0.48471825 -0.30952710 -1.12855650
v -0.48408170 -0.31213528 -1.12626667
v -0.48322506 -0.31423472 -1.12356303
v -0.48218123 -0.31574475 -1.12054950
v -0.48099033 -0.31660732 -1.11734187
v -0.47969813 -0.31678930 -1.11406342
v -0.47835429 -0.31628369 -1.11084013
v -0.47701045 -0.31510992 -1.10779588
v -0.47571825 -0.31331309 -1.10504764
v -0.47452736 -0.31096227 -1.10270105
v -0.47348353 -0.30814778 -1.10084626
v -0.47262688 -0.30497779 -1.09955457
v -0.47199033 -0.30157413 -1.09887561
v -0.47159835 -0.29806758 -1.09883547
v -0.47146599 -0.29459291 -1.09943569
v -0.47159835 -0.29128364 -1.10065322
v -0.47199033 -0.28826695 -1.10244125
v -0.47262688 -0.28565877 -1.10473109
v -0.47348353 -0.28355932 -1.10743472
v -0.47452736 -0.28204930 -1.11044825
v -0.47571825 -0.28118672 -1.11365588
v -0.47701045 -0.28100475 -1.11693433
v -0.47835429 -0.28151036 -1.12015762
v -0.47969813 -0.28268413 -1.12320187
v -0.48099033 -0.28448095 -1.12595011
v -0.48218123 -0.28683178 -1.12829671
v -0.48322506 -0.28964626 -1.13015149
v -0.48408170 -0.29281625 -1.13144318
v -0.48471825 -0.29621992 -1.13212215
v -0.48511024 -0.29972647 -1.13216229
v -0.24737453 -0.32187661 -1.20125988
v -0.24730705 -0.32518079 -1.20002334
v -0.24710722 -0.32818239 -1.19817900
v -0.24678271 -0.33076607 -1.19579774
v -0.24634600 -0.33283255 -1.19297106
v -0.24581386 -0.33430240 -1.18980760
v -0.24520674 -0.33511914 -1.18642892
v -0.24454799 -0.33525138 -1.18296486
v -0.24386290 -0.33469405 -1.17954855
v -0.24317782 -0.33346856 -1.17631127
v -0.24251906 -0.33162200 -1.17337743
v -0.24191195 -0.32922534 -1.17085978
v -0.24137981 -0.32637068 -1.16885506
v -0.24094309 -0.32316773 -1.16744033
v -0.24061858 -0.31973956 -1.16666993
v -0.24041875 -0.31621793 -1.16657349
v -0.24035128 -0.31273816 -1.16715471
v -0.24041875 -0.30943399 -1.16839124
v -0.24061858 -0.30643238 -1.17023558
v -0.24094309 -0.30384870 -1.17261684
v -0.24137981 -0.30178223 -1.17544352
v -0.24191195 -0.30031238 -1.17860698
v -0.24251906 -0.29949564 -1.18198567
v -0.24317782 -0.29936339 -1.18544972
v -0.24386290 -0.29992072 -1.18886603
v -0.24454799 -0.30114621 -1.19210331
v -0.24520674 -0.30299277 -1.19503715
v -0.24581386 -0.30538943 -1.19755480
v -0.24634600 -0.30824409 -1.19955952
v -0.24678271 -0.31144705 -1.20097426
v -0.24710722 -0.31487521 -1.20174465
v -0.24730705 -0.31839685 -1.20184109
v -0.00000000 -0.32818255 -1.22479395
v -0.00000000 -0.33148500 -1.22355099
v -0.00000000 -0.33448151 -1.22168764
v -0.00000000 -0.33705692 -1.21927551
v -0.00000000 -0.33911226 -1.21640728
v -0.00000000 -0.34056855 -1.21319319
v -0.00000000 -0.34136981 -1.20975675
v -0.00000000 -0.34148527 -1.20623003
v -0.00000000 -0.34091047 -1.20274854
v -0.00000000 -0.33966752 -1.19944609
v -0.00000000 -0.33780417 -1.19644958
v -0.00000000 -0.33539203 -1.19387417
v -0.00000000 -0.33252381 -1.19181883
v -0.00000000 -0.32930972 -1.19036254
v -0.00000000 -0.32587328 -1.18956128
v -0.00000000 -0.32234655 -1.18944582
v -0.00000000 -0.31886506 -1.19002062
v -0.00000000 -0.31556261 -1.19126357
v -0.00000000 -0.31256610 -1.19312692
v -0.00000000 -0.30999069 -1.19553906
v -0.00000000 -0.30793535 -1.19840728
v -0.00000000 -0.30647906 -1.20162137
v -0.00000000 -0.30567780 -1.20505781
v -0.00000000 -0.30556235 -1.20858454
v -0.00000000 -0.30613714 -1.21206603
v -0.00000000 -0.30738010 -1.21536848
v -0.00000000 -0.30924345 -1.21836499
v -0.00000000 -0.31165558 -1.22094040
v -0.00000000 -0.31452381 -1.22299574
v -0.00000000 -0.31773790 -1.22445203
v -0.00000000 -0.32117433 -1.22525329
v -0.00000000 -0.32470106 -1.22536874
v 0.24737453 -0.32187661 -1.20125988
v 0.24730705 -0.32518079 -1.20002334
v 0.24710722 -0.32818239 -1.19817900
v 0.24678271 -0.33076607 -1.19579774
v 0.24634600 -0.33283255 -1.19297106
v 0.24581386 -0.33430240 -1.18980760
v 0.24520674 -0.33511914 -1.18642892
v 0.24454799 -0.33525138 -1.18296486
v 0.24386290 -0.33469405 -1.17954855
v 0.24317782 -0.33346856 -1.17631127
v 0.24251906 -0.33162200 -1.17337743
v 0.24191195 -0.32922534 -1.17085978
v 0.24137981 -0.32637068 -1.16885506
v 0.24094309 -0.32316773 -1.16744033
v 0.24061858 -0.31973956 -1.16666993
v 0.24041875 -0.31621793 -1.16657349
v 0.24035128 -0.31273816 -1.16715471
v 0.24041875 -0.30943399 -1.16839124
v 0.24061858 -0.30643238 -1.17023558
v 0.24094309 -0.30384870 -1.17261684
v 0.24137981 -0.30178223 -1.17544352
v 0.24191195 -0.30031238 -1.17860698
v 0.24251906 -0.29949564 -1.18198567
v 0.24317782 -0.29936339 -1.18544972
v 0.24386290 -0.29992072 -1.18886603
v 0.24454799 -0.30114621 -1.19210331
v 0.24520674 -0.30299277 -1.19503715
v 0.24581386 -0.30538943 -1.19755480
v 0.24634600 -0.30824409 -1.19955952
v 0.24678271 -0.31144705 -1.20097426
v 0.24710722 -0.31487521 -1.20174465
v 0.24730705 -0.31839685 -1.20184109
v 0.48524259 -0.30320114 -1.13156206
v 0.48511024 -0.30651041 -1.13034453
v 0.48471825 -0.30952710 -1.12855650
v 0.48408170 -0.31213528 -1.12626667
v 0.48322506 -0.31423472 -1.12356303
v 0.48218123 -0.31574475 -1.12054950
v 0.48099033 -0.31660732 -1.11734187
v 0.47969813 -0.31678930 -1.11406342
v 0.47835429 -0.31628369 -1.11084013
v 0.47701045 -0.31510992 -1.10779588
v 0.47571825 -0.31331309 -1.10504764
v 0.47452736 -0.31096227 -1.10270105
v 0.47348353 -0.30814778 -1.10084626
v 0.47262688 -0.30497779 -1.09955457
v 0.47199033 -0.30157413 -1.09887561
v 0.47159835 -0.29806758 -1.09883547
v 0.47146599 -0.29459291 -1.09943569
v 0.47159835 -0.29128364 -1.10065322
v 0.47199033 -0.28826695 -1.10244125
v 0.47262688 -0.28565877 -1.10473109
v 0.47348353 -0.28355932 -1.10743472
v 0.47452736 -0.28204930 -1.11044825
v 0.47571825 -0.28118672 -1.11365588
v 0.47701045 -0.28100475 -1.11693433
v 0.47835429 -0.28151036 -1.12015762
v 0.47969813 -0.28268413 -1.12320187
v 0.48099033 -0.28448095 -1.12595011
v 0.48218123 -0.28683178 -1.12829671
v 0.48322506 -0.28964626 -1.13015149
v 0.48408170 -0.29281625 -1.13144318
v 0.48471825 -0.29621992 -1.13212215
v 0.48511024 -0.29972647 -1.13216229
v 0.70446306 -0.27287382 -1.01837895
v 0.70427090 -0.27619136 -1.01719230
v 0.70370183 -0.27923255 -1.01549569
v 0.70277771 -0.28188051 -1.01335433
v 0.70153405 -0.28403349 -1.01085051
v 0.70001864 -0.28560876 -1.00808045
v 0.69828973 -0.28654576 -1.00515060
v 0.69641375 -0.28680850 -1.00217356
v 0.69446279 -0.28638688 -0.99926372
v 0.69251184 -0.28529710 -0.99653292
v 0.69063586 -0.28358103 -0.99408609
v 0.68890694 -0.28130464 -0.99201727
v 0.68739154 -0.27855539 -0.99040596
v 0.68614788 -0.27543894 -0.98931408
v 0.68522375 -0.27207506 -0.98878359
v 0.68465468 -0.26859301 -0.98883488
v 0.68446253 -0.26512661 -0.98946598
v 0.68465468 -0.26180907 -0.99065263
v 0.68522375 -0.25876788 -0.99234924
v 0.68614788 -0.25611992 -0.99449060
v 0.68739154 -0.25396693 -0.99699442
v 0.68890694 -0.25239167 -0.99976448
v 0.69063586 -0.25145467 -1.00269433
v 0.69251184 -0.25119193 -1.00567137
v 0.69446279 -0.25161355 -1.00858121
v 0.69641375 -0.25270333 -1.01131201
v 0.69828973 -0.25441939 -1.01375884
v 0.70001864 -0.25669579 -1.01582766
v 0.70153405 -0.25944504 -1.01743897
v 0.70277771 -0.26256148 -1.01853085
v 0.70370183 -0.26592537 -1.01906134
v 0.70427090 -0.26940742 -1.01901005
v 0.89661140 -0.23206011 -0.86606011
v 0.89636684 -0.23538878 -0.86491500
v 0.89564254 -0.23846294 -0.86334144
v 0.89446636 -0.24116444 -0.86139990
v 0.89288348 -0.24338948 -0.85916498
v 0.89095473 -0.24505254 -0.85672258
v 0.88875424 -0.24608971 -0.85416656
v 0.88636657 -0.24646113 -0.85159514
v 0.88388348 -0.24615254 -0.84910713
v 0.88140038 -0.24517579 -0.84679817
v 0.87901271 -0.24356841 -0.84475696
v 0.87681222 -0.24139219 -0.84306197
v 0.87488348 -0.23873073 -0.84177832
v 0.87330060 -0.23568634 -0.84095534
v 0.87212441 -0.23237600 -0.84062467
v 0.87140012 -0.22892692 -0.84079900
v 0.87115555 -0.22547165 -0.84147165
v 0.87140012 -0.22214298 -0.84261675
v 0.87212441 -0.21906882 -0.84419031
v 0.87330060 -0.21636731 -0.84613186
v 0.87488348 -0.21414228 -0.84836677
v 0.87681222 -0.21247922 -0.85080917
v 0.87901271 -0.21144205 -0.85336520
v 0.88140038 -0.21107062 -0.85593662
v 0.88388348 -0.21137921 -0.85842462
v 0.88636657 -0.21235596 -0.86073359
v 0.88875424 -0.21396334 -0.86277479
v 0.89095473 -0.21613957 -0.86446979
v 0.89288348 -0.21880102 -0.86575344
v 0.89446636 -0.22184541 -0.86657641
v 0.89564254 -0.22515576 -0.86690709
v 0.89636684 -0.22860484 -0.86673275
v 1.05430347 -0.18232846 -0.68045906
v 1.05401589 -0.18567069 -0.67936458
v 1.05316421 -0.18878502 -0.67794095
v 1.05178117 -0.19155177 -0.67624288
v 1.04991990 -0.19386460 -0.67433562
v 1.04765193 -0.19563464 -0.67229248
v 1.04506443 -0.19679386 -0.67019196
v 1.04225683 -0.19729773 -0.66811480
v 1.03933702 -0.19712686 -0.66614080
v 1.03641721 -0.19628784 -0.66434584
v 1.03360960 -0.19481290 -0.66279889
v 1.03102210 -0.19275872 -0.66155940
v 1.02875413 -0.19020425 -0.66067501
v 1.02689286 -0.18724765 -0.66017969
v 1.02550982 -0.18400255 -0.66009250
v 1.02465814 -0.18059364 -0.66041676
v 1.02437056 -0.17715194 -0.66114003
v 1.02465814 -0.17380970 -0.66223451
v 1.02550982 -0.17069537 -0.66365814
v 1.02689286 -0.16792862 -0.66535621
v 1.02875413 -0.16561579 -0.66726347
v 1.03102210 -0.16384575 -0.66930661
v 1.03360960 -0.16268653 -0.67140713
v 1.03641721 -0.16218267 -0.67348429
v 1.03933702 -0.16235353 -0.67545829
v 1.04225683 -0.16319256 -0.67725325
v 1.04506443 -0.16466750 -0.67880020
v 1.04765193 -0.16672167 -0.68003969
v 1.04991990 -0.16927614 -0.68092408
v 1.05178117 -0.17223274 -0.68141940
v 1.05316421 -0.17547785 -0.68150660
v 1.05401589 -0.17888675 -0.68118233
v 1.17147925 -0.12559002 -0.46870835
v 1.17115971 -0.12894774 -0.46767163
v 1.17021338 -0.13210790 -0.46641905
v 1.16867662 -0.13494908 -0.46499876
v 1.16660848 -0.13736208 -0.46346533
v 1.16408846 -0.13925417 -0.46187770
v 1.16121338 -0.14055264 -0.46029686
v 1.15809373 -0.14120760 -0.45878359
v 1.15484942 -0.14119387 -0.45739602
v 1.15160510 -0.14051197 -0.45618749
v 1.14848545 -0.13918813 -0.45520443
v 1.14561038 -0.13727320 -0.45448462
v 1.14309035 -0.13484078 -0.45405574
v 1.14102222 -0.13198435 -0.45393425
v 1.13948545 -0.12881367 -0.45412483
v 1.13853912 -0.12545060 -0.45462015
v 1.13821958 -0.12202438 -0.45540117
v 1.13853912 -0.11866666 -0.45643790
v 1.13948545 -0.11550650 -0.45769047
v 1.14102222 -0.11266532 -0.45911077
v 1.14309035 -0.11025233 -0.46064419
v 1.14561038 -0.10836023 -0.46223183
v 1.14848545 -0.10706176 -0.46381266
v 1.15160510 -0.10640680 -0.46532594
v 1.15484942 -0.10642054 -0.46671351
v 1.15809373 -0.10710243 -0.46792204
v 1.16121338 -0.10842627 -0.46890510
v 1.16408846 -0.11034120 -0.46962490
v 1.16660848 -0.11277362 -0.47005379
v 1.16867662 -0.11563005 -0.47017528
v 1.17021338 -0.11880073 -0.46998470
v 1.17115971 -0.12216380 -0.46948938
v 1.24363574 -0.06402524 -0.23894545
v 1.24329652 -0.06739975 -0.23797139
v 1.24229189 -0.07060964 -0.23690442
v 1.24066048 -0.07353158 -0.23578554
v 1.23846496 -0.07605326 -0.23465773
v 1.23578971 -0.07807779 -0.23356435
v 1.23273755 -0.07952736 -0.23254741
v 1.22942575 -0.08034626 -0.23164599
v 1.22598160 -0.08050303 -0.23089473
v 1.22253745 -0.07999164 -0.23032251
v 1.21922566 -0.07883174 -0.22995131
v 1.21617349 -0.07706790 -0.22979539
v 1.21349824 -0.07476792 -0.22986076
v 1.21130272 -0.07202017 -0.23014490
v 1.20967131 -0.06893026 -0.23063688
v 1.20866668 -0.06561692 -0.23131781
v 1.20832747 -0.06220749 -0.23216151
v 1.20866668 -0.05883298 -0.23313556
v 1.20967131 -0.05562308 -0.23420253
v 1.21130272 -0.05270115 -0.23532141
v 1.21349824 -0.05017946 -0.23644922
v 1.21617349 -0.04815494 -0.23754260
v 1.21922566 -0.04670537 -0.23855954
v 1.22253745 -0.04588647 -0.23946096
v 1.22598160 -0.04572970 -0.24021222
v 1.22942575 -0.04624109 -0.24078444
v 1.23273755 -0.04740099 -0.24115564
v 1.23578971 -0.04916482 -0.24131156
v 1.23846496 -0.05146481 -0.24124619
v 1.24066048 -0.05421255 -0.24096205
v 1.24229189 -0.05730247 -0.24047007
v 1.24329652 -0.06061581 -0.23978915
f 829 861 830
f 830 861 862
f 830 862 831
f 831 862 863
f 831 863 832
f 832 863 864
f 832 864 833
f 833 864 865
f 833 865 834
f 834 865 866
f 834 866 835
f 835 866 867
f 835 867 836
f 836 867 868
f 836 868 837
f 837 868 869
f 837 869 838
f 838 869 870
f 838 870 839
f 839 870 871
f 839 871 840
f 840 871 872
f 840 872 841
f 841 872 873
f 841 873 842
f 842 873 874
f 842 874 843
f 843 874 875
f 843 875 844
f 844 875 876
f 844 876 845
f 845 876 877
f 845 877 846
f 846 877 878
f 846 878 847
f 847 878 879
f 847 879 848
f 848 879 880
f 848 880 849
f 849 880 881
f 849 881 850
f 850 881 882
f 850 882 851
f 851 882 883
f 851 883 852
f 852 883 884
f 852 884 853
f 853 884 885
f 853 885 854
f 854 885 886
f 854 886 855
f 855 886 887
f 855 887 856
f 856 887 888
f 856 888 857
f 857 888 889
f 857 889 858
f 858 889 890
f 858 890 859
f 859 890 891
f 859 891 860
f 860 891 892
f 860 892 829
f 829 892 861
f 861 893 862
f 862 893 894
f 862 894 863
f 863 894 895
f 863 895 864
f 864 895 896
f 864 896 865
f 865 896 897
f 865 897 866
f 866 897 898
f 866 898 867
f 867 898 899
f 867 899 868
f 868 899 900
f 868 900 869
f 869 900 901
f 869 901 870
f 870 901 902
f 870 902 871
f 871 902 903
f 871 903 872
f 872 903 904
f 872 904 873
f 873 904 905
f 873 905 874
f 874 905 906
f 874 906 875
f 875 906 907
f 875 907 876
f 876 907 908
f 876 908 877
f 877 908 909
f 877 909 878
f 878 909 910
f 878 910 879
f 879 910 911
f 879 911 880
f 880 911 912
f 880 912 881
f 881 912 913
f 881 913 882
f 882 913 914
f 882 914 883
f 883 914 915
f 883 915 884
f 884 915 916
f 884 916 885
f 885 916 917
f 885 917 886
f 886 917 918
f 886 918 887
f 887 918 919
f 887 919 888
f 888 919 920
f 888 920 889
f 889 920 921
f 889 921 890
f 890 921 922
f 890 922 891
f 891 922 923
f 891 923 892
f 892 923 924
f 892 924 861
f 861 924 893
f 893 925 894
f 894 925 926
f 894 926 895
f 895 926 927
f 895 927 896
f 896 927 928
f 896 928 897
f 897 928 929
f 897 929 898
f 898 929 930
f 898 930 899
f 899 930 931
f 899 931 900
f 900 931 932
f 900 932 901
f 901 932 933
f 901 933 902
f 902 933 934
f 902 934 903
f 903 934 935
f 903 935 904
f 904 935 936
f 904 936 905
f 905 936 937
f 905 937 906
f 906 937 938
f 906 938 907
f 907 938 939
f 907 939 908
f 908 939 940
f 908 940 909
f 909 940 941
f 909 941 910
f 910 941 942
f 910 942 911
f 911 942 943
f 911 943 912
f 912 943 944
f 912 944 913
f 913 944 945
f 913 945 914
f 914 945 946
f 914 946 915
f 915 946 947
f 915 947 916
f 916 947 948
f 916 948 917
f 917 948 949
f 917 949 918
f 918 949 950
f 918 950 919
f 919 950 951
f 919 951 920
f 920 951 952
f 920 952 921
f 921 952 953
f 921 953 922
f 922 953 954
f 922 954 923
f 923 954 955
f 923 955 924
f 924 955 956
f 924 956 893
f 893 956 925
f 925 957 926
f 926 957 958
f 926 958 927
f 927 958 959
f 927 959 928
f 928 959 960
f 928 960 929
f 929 960 961
f 929 961 930
f 930 961 962
f 930 962 931
f 931 962 963
f 931 963 932
f 932 963 964
f 932 964 933
f 933 964 965
f 933 965 934
f 934 965 966
f 934 966 935
f 935 966 967
f 935 967 936
f 936 967 968
f 936 968 937
f 937 968 969
f 937 969 938
f 938 969 970
f 938 970 939
f 939 970 971
f 939 971 940
f 940 971 972
f 940 972 941
f 941 972 973
f 941 973 942
f 942 973 974
f 942 974 943
f 943 974 975
f 943 975 944
f 944 975 976
f 944 976 945
f 945 976 977
f 945 977 946
f 946 977 978
f 946 978 947
f 947 978 979
f 947 979 948
f 948 979 980
f 948 980 949
f 949 980 981
f 949 981 950
f 950 981 982
f 950 982 951
f 951 982 983
f 951 983 952
f 952 983 984
f 952 984 953
f 953 984 985
f 953 985 954
f 954 985 986
f 954 986 955
f 955 986 987
f 955 987 956
f 956 987 988
f 956 988 925
f 925 988 957
f 957 989 958
f 958 989 990
f 958 990 959
f 959 990 991
f 959 991 960
f 960 991 992
f 960 992 961
f 961 992 993
f 961 993 962
f 962 993 994
f 962 994 963
f 963 994 995
f 963 995 964
f 964 995 996
f 964 996 965
f 965 996 997
f 965 997 966
f 966 997 998
f 966 998 967
f 967 998 999
f 967 999 968
f 968 999 1000
f 968 1000 969
f 969 1000 1001
f 969 1001 970
f 970 1001 1002
f 970 1002 971
f 971 1002 1003
f 971 1003 972
f 972 1003 1004
f 972 1004 973
f 973 1004 1005
f 973 1005 974
f 974 1005 1006
f 974 1006 975
f 975 1006 1007
f 975 1007 976
f 976 1007 1008
f 976 1008 977
f 977 1008 1009
f 977 1009 978
f 978 1009 1010
f 978 1010 979
f 979 1010 1011
f 979 1011 980
f 980 1011 1012
f 980 1012 981
f 981 1012 1013
f 981 1013 982
f 982 1013 1014
f 982 1014 983
f 983 1014 1015
f 983 1015 984
f 984 1015 1016
f 984 1016 985
f 985 1016 1017
f 985 1017 986
f 986 1017 1018
f 986 1018 987
f 987 1018 1019
f 987 1019 988
f 988 1019 1020
f 988 1020 957
f 957 1020 989
f 989 1021 990
f 990 1021 1022
f 990 1022 991
f 991 1022 1023
f 991 1023 992
f 992 1023 1024
f 992 1024 993
f 993 1024 1025
f 993 1025 994
f 994 1025 1026
f 994 1026 995
f 995 1026 1027
f 995 1027 996
f 996 1027 1028
f 996 1028 997
f 997 1028 1029
f 997 1029 998
f 998 1029 1030
f 998 1030 999
f 999 1030 1031
f 999 1031 1000
f 1000 1031 1032
f 1000 1032 1001
f 1001 1032 1033
f 1001 1033 1002
f 1002 1033 1034
f 1002 1034 1003
f 1003 1034 1035
f 1003 1035 1004
f 1004 1035 1036
f 1004 1036 1005
f 1005 1036 1037
f 1005 1037 1006
f 1006 1037 1038
f 1006 1038 1007
f 1007 1038 1039
f 1007 1039 1008
f 1008 1039 1040
f 1008 1040 1009
f 1009 1040 1041
f 1009 1041 1010
f 1010 1041 1042
f 1010 1042 1011
f 1011 1042 1043
f 1011 1043 1012
f 1012 1043 1044
f 1012 1044 1013
f 1013 1044 1045
f 1013 1045 1014
f 1014 1045 1046
f 1014 1046 1015
f 1015 1046 1047
f 1015 1047 1016
f 1016 1047 1048
f 1016 1048 1017
f 1017 1048 1049
f 1017 1049 1018
f 1018 1049 1050
f 1018 1050 1019
f 1019 1050 1051
f 1019 1051 1020
f 1020 1051 1052
f 1020 1052 989
f 989 1052 1021
f 1021 1053 1022
f 1022 1053 1054
f 1022 1054 1023
f 1023 1054 1055
f 1023 1055 1024
f 1024 1055 1056
f 1024 1056 1025
f 1025 1056 1057
f 1025 1057 1026
f 1026 1057 1058
f 1026 1058 1027
f 1027 1058 1059
f 1027 1059 1028
f 1028 1059 1060
f 1028 1060 1029
f 1029 1060 1061
f 1029 1061 1030
f 1030 1061 1062
f 1030 1062 1031
f 1031 1062 1063
f 1031 1063 1032
f 1032 1063 1064
f 1032 1064 1033
f 1033 1064 1065
f 1033 1065 1034
f 1034 1065 1066
f 1034 1066 1035
f 1035 1066 1067
f 1035 1067 1036
f 1036 1067 1068
f 1036 1068 1037
f 1037 1068 1069
f 1037 1069 1038
f 1038 1069 1070
f 1038 1070 1039
f 1039 1070 1071
f 1039 1071 1040
f 1040 1071 1072
f 1040 1072 1041
f 1041 1072 1073
f 1041 1073 1042
f 1042 1073 1074
f 1042 1074 1043
f 1043 1074 1075
f 1043 1075 1044
f 1044 1075 1076
f 1044 1076 1045
f 1045 1076 1077
f 1045 1077 1046
f 1046 1077 1078
f 1046 1078 1047
f 1047 1078 1079
f 1047 1079 1048
f 1048 1079 1080
f 1048 1080 1049
f 1049 1080 1081
f 1049 1081 1050
f 1050 1081 1082
f 1050 1082 1051
f 1051 1082 1083
f 1051 1083 1052
f 1052 1083 1084
f 1052 1084 1021
f 1021 1084 1053
f 1053 1085 1054
f 1054 1085 1086
f 1054 1086 1055
f 1055 1086 1087
f 1055 1087 1056
f 1056 1087 1088
f 1056 1088 1057
f 1057 1088 1089
f 1057 1089 1058
f 1058 1089 1090
f 1058 1090 1059
f 1059 1090 1091
f 1059 1091 1060
f 1060 1091 1092
f 1060 1092 1061
f 1061 1092 1093
f 1061 1093 1062
f 1062 1093 1094
f 1062 1094 1063
f 1063 1094 1095
f 1063 1095 1064
f 1064 1095 1096
f 1064 1096 1065
f 1065 1096 1097
f 1065 1097 1066
f 1066 1097 1098
f 1066 1098 1067
f 1067 1098 1099
f 1067 1099 1068
f 1068 1099 1100
f 1068 1100 1069
f 1069 1100 1101
f 1069 1101 1070
f 1070 1101 1102
f 1070 1102 1071
f 1071 1102 1103
f 1071 1103 1072
f 1072 1103 1104
f 1072 1104 1073
f 1073 1104 1105
f 1073 1105 1074
f 1074 1105 1106
f 1074 1106 1075
f 1075 1106 1107
f 1075 1107 1076
f 1076 1107 1108
f 1076 1108 1077
f 1077 1108 1109
f 1077 1109 1078
f 1078 1109 1110
f 1078 1110 1079
f 1079 1110 1111
f 1079 1111 1080
f 1080 1111 1112
f 1080 1112 1081
f 1081 1112 1113
f 1081 1113 1082
f 1082 1113 1114
f 1082 1114 1083
f 1083 1114 1115
f 1083 1115 1084
f 1084 1115 1116
f 1084 1116 1053
f 1053 1116 1085
f 1085 1117 1086
f 1086 1117 1118
f 1086 1118 1087
f 1087 1118 1119
f 1087 1119 1088
f 1088 1119 1120
f 1088 1120 1089
f 1089 1120 1121
f 1089 1121 1090
f 1090 1121 1122
f 1090 1122 1091
f 1091 1122 1123
f 1091 1123 1092
f 1092 1123 1124
f 1092 1124 1093
f 1093 1124 1125
f 1093 1125 1094
f 1094 1125 1126
f 1094 1126 1095
f 1095 1126 1127
f 1095 1127 1096
f 1096 1127 1128
f 1096 1128 1097
f 1097 1128 1129
f 1097 1129 1098
f 1098 1129 1130
f 1098 1130 1099
f 1099 1130 1131
f 1099 1131 1100
f 1100 1131 1132
f 1100 1132 1101
f 1101 1132 1133
f 1101 1133 1102
f 1102 1133 1134
f 1102 1134 1103
f 1103 1134 1135
f 1103 1135 1104
f 1104 1135 1136
f 1104 1136 1105
f 1105 1136 1137
f 1105 1137 1106
f 1106 1137 1138
f 1106 1138 1107
f 1107 1138 1139
f 1107 1139 1108
f 1108 1139 1140
f 1108 1140 1109
f 1109 1140 1141
f 1109 1141 1110
f 1110 1141 1142
f 1110 1142 1111
f 1111 1142 1143
f 1111 1143 1112
f 1112 1143 1144
f 1112 1144 1113
f 1113 1144 1145
f 1113 1145 1114
f 1114 1145 1146
f 1114 1146 1115
f 1115 1146 1147
f 1115 1147 1116
f 1116 1147 1148
f 1116 1148 1085
f 1085 1148 1117
f 1117 1149 1118
f 1118 1149 1150
f 1118 1150 1119
f 1119 1150 1151
f 1119 1151 1120
f 1120 1151 1152
f 1120 1152 1121
f 1121 1152 1153
f 1121 1153 1122
f 1122 1153 1154
f 1122 1154 1123
f 1123 1154 1155
f 1123 1155 1124
f 1124 1155 1156
f 1124 1156 1125
f 1125 1156 1157
f 1125 1157 1126
f 1126 1157 1158
f 1126 1158 1127
f 1127 1158 1159
f 1127 1159 1128
f 1128 1159 1160
f 1128 1160 1129
f 1129 1160 1161
f 1129 1161 1130
f 1130 1161 1162
f 1130 1162 1131
f 1131 1162 1163
f 1131 1163 1132
f 1132 1163 1164
f 1132 1164 1133
f 1133 1164 1165
f 1133 1165 1134
f 1134 1165 1166
f 1134 1166 1135
f 1135 1166 1167
f 1135 1167 1136
f 1136 1167 1168
f 1136 1168 1137
f 1137 1168 1169
f 1137 1169 1138
f 1138 1169 1170
f 1138 1170 1139
f 1139 1170 1171
f 1139 1171 1140
f 1140 1171 1172
f 1140 1172 1141
f 1141 1172 1173
f 1141 1173 1142
f 1142 1173 1174
f 1142 1174 1143
f 1143 1174 1175
f 1143 1175 1144
f 1144 1175 1176
f 1144 1176 1145
f 1145 1176 1177
f 1145 1177 1146
f 1146 1177 1178
f 1146 1178 1147
f 1147 1178 1179
f 1147 1179 1148
f 1148 1179 1180
f 1148 1180 1117
f 1117 1180 1149
f 1149 1181 1150
f 1150 1181 1182
f 1150 1182 1151
f 1151 1182 1183
f 1151 1183 1152
f 1152 1183 1184
f 1152 1184 1153
f 1153 1184 1185
f 1153 1185 1154
f 1154 1185 1186
f 1154 1186 1155
f 1155 1186 1187
f 1155 1187 1156
f 1156 1187 1188
f 1156 1188 1157
f 1157 1188 1189
f 1157 1189 1158
f 1158 1189 1190
f 1158 1190 1159
f 1159 1190 1191
f 1159 1191 1160
f 1160 1191 1192
f 1160 1192 1161
f 1161 1192 1193
f 1161 1193 1162
f 1162 1193 1194
f 1162 1194 1163
f 1163 1194 1195
f 1163 1195 1164
f 1164 1195 1196
f 1164 1196 1165
f 1165 1196 1197
f 1165 1197 1166
f 1166 1197 1198
f 1166 1198 1167
f 1167 1198 1199
f 1167 1199 1168
f 1168 1199 1200
f 1168 1200 1169
f 1169 1200 1201
f 1169 1201 1170
f 1170 1201 1202
f 1170 1202 1171
f 1171 1202 1203
f 1171 1203 1172
f 1172 1203 1204
f 1172 1204 1173
f 1173 1204 1205
f 1173 1205 1174
f 1174 1205 1206
f 1174 1206 1175
f 1175 1206 1207
f 1175 1207 1176
f 1176 1207 1208
f 1176 1208 1177
f 1177 1208 1209
f 1177 1209 1178
f 1178 1209 1210
f 1178 1210 1179
f 1179 1210 1211
f 1179 1211 1180
f 1180 1211 1212
f 1180 1212 1149
f 1149 1212 1181
f 1181 1213 1182
f 1182 1213 1214
f 1182 1214 1183
f 1183 1214 1215
f 1183 1215 1184
f 1184 1215 1216
f 1184 1216 1185
f 1185 1216 1217
f 1185 1217 1186
f 1186 1217 1218
f 1186 1218 1187
f 1187 1218 1219
f 1187 1219 1188
f 1188 1219 1220
f 1188 1220 1189
f 1189 1220 1221
f 1189 1221 1190
f 1190 1221 1222
f 1190 1222 1191
f 1191 1222 1223
f 1191 1223 1192
f 1192 1223 1224
f 1192 1224 1193
f 1193 1224 1225
f 1193 1225 1194
f 1194 1225 1226
f 1194 1226 1195
f 1195 1226 1227
f 1195 1227 1196
f 1196 1227 1228
f 1196 1228 1197
f 1197 1228 1229
f 1197 1229 1198
f 1198 1229 1230
f 1198 1230 1199
f 1199 1230 1231
f 1199 1231 1200
f 1200 1231 1232
f 1200 1232 1201
f 1201 1232 1233
f 1201 1233 1202
f 1202 1233 1234
f 1202 1234 1203
f 1203 1234 1235
f 1203 1235 1204
f 1204 1235 1236
f 1204 1236 1205
f 1205 1236 1237
f 1205 1237 1206
f 1206 1237 1238
f 1206 1238 1207
f 1207 1238 1239
f 1207 1239 1208
f 1208 1239 1240
f 1208 1240 1209
f 1209 1240 1241
f 1209 1241 1210
f 1210 1241 1242
f 1210 1242 1211
f 1211 1242 1243
f 1211 1243 1212
f 1212 1243 1244
f 1212 1244 1181
f 1181 1244 1213
f 1213 1245 1214
f 1214 1245 1246
f 1214 1246 1215
f 1215 1246 1247
f 1215 1247 1216
f 1216 1247 1248
f 1216 1248 1217
f 1217 1248 1249
f 1217 1249 1218
f 1218 1249 1250
f 1218 1250 1219
f 1219 1250 1251
f 1219 1251 1220
f 1220 1251 1252
f 1220 1252 1221
f 1221 1252 1253
f 1221 1253 1222
f 1222 1253 1254
f 1222 1254 1223
f 1223 1254 1255
f 1223 1255 1224
f 1224 1255 1256
f 1224 1256 1225
f 1225 1256 1257
f 1225 1257 1226
f 1226 1257 1258
f 1226 1258 1227
f 1227 1258 1259
f 1227 1259 1228
f 1228 1259 1260
f 1228 1260 1229
f 1229 1260 1261
f 1229 1261 1230
f 1230 1261 1262
f 1230 1262 1231
f 1231 1262 1263
f 1231 1263 1232
f 1232 1263 1264
f 1232 1264 1233
f 1233 1264 1265
f 1233 1265 1234
f 1234 1265 1266
f 1234 1266 1235
f 1235 1266 1267
f 1235 1267 1236
f 1236 1267 1268
f 1236 1268 1237
f 1237 1268 1269
f 1237 1269 1238
f 1238 1269 1270
f 1238 1270 1239
f 1239 1270 1271
f 1239 1271 1240
f 1240 1271 1272
f 1240 1272 1241
f 1241 1272 1273
f 1241 1273 1242
f 1242 1273 1274
f 1242 1274 1243
f 1243 1274 1275
f 1243 1275 1244
f 1244 1275 1276
f 1244 1276 1213
f 1213 1276 1245
f 1245 1277 1246
f 1246 1277 1278
f 1246 1278 1247
f 1247 1278 1279
f 1247 1279 1248
f 1248 1279 1280
f 1248 1280 1249
f 1249 1280 1281
f 1249 1281 1250
f 1250 1281 1282
f 1250 1282 1251
f 1251 1282 1283
f 1251 1283 1252
f 1252 1283 1284
f 1252 1284 1253
f 1253 1284 1285
f 1253 1285 1254
f 1254 1285 1286
f 1254 1286 1255
f 1255 1286 1287
f 1255 1287 1256
f 1256 1287 1288
f 1256 1288 1257
f 1257 1288 1289
f 1257 1289 1258
f 1258 1289 1290
f 1258 1290 1259
f 1259 1290 1291
f 1259 1291 1260
f 1260 1291 1292
f 1260 1292 1261
f 1261 1292 1293
f 1261 1293 1262
f 1262 1293 1294
f 1262 1294 1263
f 1263 1294 1295
f 1263 1295 1264
f 1264 1295 1296
f 1264 1296 1265
f 1265 1296 1297
f 1265 1297 1266
f 1266 1297 1298
f 1266 1298 1267
f 1267 1298 1299
f 1267 1299 1268
f 1268 1299 1300
f 1268 1300 1269
f 1269 1300 1301
f 1269 1301 1270
f 1270 1301 1302
f 1270 1302 1271
f 1271 1302 1303
f 1271 1303 1272
f 1272 1303 1304
f 1272 1304 1273
f 1273 1304 1305
f 1273 1305 1274
f 1274 1305 1306
f 1274 1306 1275
f 1275 1306 1307
f 1275 1307 1276
f 1276 1307 1308
f 1276 1308 1245
f 1245 1308 1277
f 1277 1309 1278
f 1278 1309 1310
f 1278 1310 1279
f 1279 1310 1311
f 1279 1311 1280
f 1280 1311 1312
f 1280 1312 1281
f 1281 1312 1313
f 1281 1313 1282
f 1282 1313 1314
f 1282 1314 1283
f 1283 1314 1315
f 1283 1315 1284
f 1284 1315 1316
f 1284 1316 1285
f 1285 1316 1317
f 1285 1317 1286
f 1286 1317 1318
f 1286 1318 1287
f 1287 1318 1319
f 1287 1319 1288
f 1288 1319 1320
f 1288 1320 1289
f 1289 1320 1321
f 1289 1321 1290
f 1290 1321 1322
f 1290 1322 1291
f 1291 1322 1323
f 1291 1323 1292
f 1292 1323 1324
f 1292 1324 1293
f 1293 1324 1325
f 1293 1325 1294
f 1294 1325 1326
f 1294 1326 1295
f 1295 1326 1327
f 1295 1327 1296
f 1296 1327 1328
f 1296 1328 1297
f 1297 1328 1329
f 1297 1329 1298
f 1298 1329 1330
f 1298 1330 1299
f 1299 1330 1331
f 1299 1331 1300
f 1300 1331 1332
f 1300 1332 1301
f 1301 1332 1333
f 1301 1333 1302
f 1302 1333 1334
f 1302 1334 1303
f 1303 1334 1335
f 1303 1335 1304
f 1304 1335 1336
f 1304 1336 1305
f 1305 1336 1337
f 1305 1337 1306
f 1306 1337 1338
f 1306 1338 1307
f 1307 1338 1339
f 1307 1339 1308
f 1308 1339 1340
f 1308 1340 1277
f 1277 1340 1309
f 1309 1341 1310
f 1310 1341 1342
f 1310 1342 1311
f 1311 1342 1343
f 1311 1343 1312
f 1312 1343 1344
f 1312 1344 1313
f 1313 1344 1345
f 1313 1345 1314
f 1314 1345 1346
f 1314 1346 1315
f 1315 1346 1347
f 1315 1347 1316
f 1316 1347 1348
f 1316 1348 1317
f 1317 1348 1349
f 1317 1349 1318
f 1318 1349 1350
f 1318 1350 1319
f 1319 1350 1351
f 1319 1351 1320
f 1320 1351 1352
f 1320 1352 1321
f 1321 1352 1353
f 1321 1353 1322
f 1322 1353 1354
f 1322 1354 1323
f 1323 1354 1355
f 1323 1355 1324
f 1324 1355 1356
f 1324 1356 1325
f 1325 1356 1357
f 1325 1357 1326
f 1326 1357 1358
f 1326 1358 1327
f 1327 1358 1359
f 1327 1359 1328
f 1328 1359 1360
f 1328 1360 1329
f 1329 1360 1361
f 1329 1361 1330
f 1330 1361 1362
f 1330 1362 1331
f 1331 1362 1363
f 1331 1363 1332
f 1332 1363 1364
f 1332 1364 1333
f 1333 1364 1365
f 1333 1365 1334
f 1334 1365 1366
f 1334 1366 1335
f 1335 1366 1367
f 1335 1367 1336
f 1336 1367 1368
f 1336 1368 1337
f 1337 1368 1369
f 1337 1369 1338
f 1338 1369 1370
f 1338 1370 1339
f 1339 1370 1371
f 1339 1371 1340
f 1340 1371 1372
f 1340 1372 1309
f 1309 1372 1341
f 1341 1373 1342
f 1342 1373 1374
f 1342 1374 1343
f 1343 1374 1375
f 1343 1375 1344
f 1344 1375 1376
f 1344 1376 1345
f 1345 1376 1377
f 1345 1377 1346
f 1346 1377 1378
f 1346 1378 1347
f 1347 1378 1379
f 1347 1379 1348
f 1348 1379 1380
f 1348 1380 1349
f 1349 1380 1381
f 1349 1381 1350
f 1350 1381 1382
f 1350 1382 1351
f 1351 1382 1383
f 1351 1383 1352
f 1352 1383 1384
f 1352 1384 1353
f 1353 1384 1385
f 1353 1385 1354
f 1354 1385 1386
f 1354 1386 1355
f 1355 1386 1387
f 1355 1387 1356
f 1356 1387 1388
f 1356 1388 1357
f 1357 1388 1389
f 1357 1389 1358
f 1358 1389 1390
f 1358 1390 1359
f 1359 1390 1391
f 1359 1391 1360
f 1360 1391 1392
f 1360 1392 1361
f 1361 1392 1393
f 1361 1393 1362
f 1362 1393 1394
f 1362 1394 1363
f 1363 1394 1395
f 1363 1395 1364
f 1364 1395 1396
f 1364 1396 1365
f 1365 1396 1397
f 1365 1397 1366
f 1366 1397 1398
f 1366 1398 1367
f 1367 1398 1399
f 1367 1399 1368
f 1368 1399 1400
f 1368 1400 1369
f 1369 1400 1401
f 1369 1401 1370
f 1370 1401 1402
f 1370 1402 1371
f 1371 1402 1403
f 1371 1403 1372
f 1372 1403 1404
f 1372 1404 1341
f 1341 1404 1373
f 1373 1405 1374
f 1374 1405 1406
f 1374 1406 1375
f 1375 1406 1407
f 1375 1407 1376
f 1376 1407 1408
f 1376 1408 1377
f 1377 1408 1409
f 1377 1409 1378
f 1378 1409 1410
f 1378 1410 1379
f 1379 1410 1411
f 1379 1411 1380
f 1380 1411 1412
f 1380 1412 1381
f 1381 1412 1413
f 1381 1413 1382
f 1382 1413 1414
f 1382 1414 1383
f 1383 1414 1415
f 1383 1415 1384
f 1384 1415 1416
f 1384 1416 1385
f 1385 1416 1417
f 1385 1417 1386
f 1386 1417 1418
f 1386 1418 1387
f 1387 1418 1419
f 1387 1419 1388
f 1388 1419 1420
f 1388 1420 1389
f 1389 1420 1421
f 1389 1421 1390
f 1390 1421 1422
f 1390 1422 1391
f 1391 1422 1423
f 1391 1423 1392
f 1392 1423 1424
f 1392 1424 1393
f 1393 1424 1425
f 1393 1425 1394
f 1394 1425 1426
f 1394 1426 1395
f 1395 1426 1427
f 1395 1427 1396
f 1396 1427 1428
f 1396 1428 1397
f 1397 1428 1429
f 1397 1429 1398
f 1398 1429 1430
f 1398 1430 1399
f 1399 1430 1431
f 1399 1431 1400
f 1400 1431 1432
f 1400 1432 1401
f 1401 1432 1433
f 1401 1433 1402
f 1402 1433 1434
f 1402 1434 1403
f 1403 1434 1435
f 1403 1435 1404
f 1404 1435 1436
f 1404 1436 1373
f 1373 1436 1405
f 1405 1437 1406
f 1406 1437 1438
f 1406 1438 1407
f 1407 1438 1439
f 1407 1439 1408
f 1408 1439 1440
f 1408 1440 1409
f 1409 1440 1441
f 1409 1441 1410
f 1410 1441 1442
f 1410 1442 1411
f 1411 1442 1443
f 1411 1443 1412
f 1412 1443 1444
f 1412 1444 1413
f 1413 1444 1445
f 1413 1445 1414
f 1414 1445 1446
f 1414 1446 1415
f 1415 1446 1447
f 1415 1447 1416
f 1416 1447 1448
f 1416 1448 1417
f 1417 1448 1449
f 1417 1449 1418
f 1418 1449 1450
f 1418 1450 1419
f 1419 1450 1451
f 1419 1451 1420
f 1420 1451 1452
f 1420 1452 1421
f 1421 1452 1453
f 1421 1453 1422
f 1422 1453 1454
f 1422 1454 1423
f 1423 1454 1455
f 1423 1455 1424
f 1424 1455 1456
f 1424 1456 1425
f 1425 1456 1457
f 1425 1457 1426
f 1426 1457 1458
f 1426 1458 1427
f 1427 1458 1459
f 1427 1459 1428
f 1428 1459 1460
f 1428 1460 1429
f 1429 1460 1461
f 1429 1461 1430
f 1430 1461 1462
f 1430 1462 1431
f 1431 1462 1463
f 1431 1463 1432
f 1432 1463 1464
f 1432 1464 1433
f 1433 1464 1465
f 1433 1465 1434
f 1434 1465 1466
f 1434 1466 1435
f 1435 1466 1467
f 1435 1467 1436
f 1436 1467 1468
f 1436 1468 1405
f 1405 1468 1437
f 1437 1469 1438
f 1438 1469 1470
f 1438 1470 1439
f 1439 1470 1471
f 1439 1471 1440
f 1440 1471 1472
f 1440 1472 1441
f 1441 1472 1473
f 1441 1473 1442
f 1442 1473 1474
f 1442 1474 1443
f 1443 1474 1475
f 1443 1475 1444
f 1444 1475 1476
f 1444 1476 1445
f 1445 1476 1477
f 1445 1477 1446
f 1446 1477 1478
f 1446 1478 1447
f 1447 1478 1479
f 1447 1479 1448
f 1448 1479 1480
f 1448 1480 1449
f 1449 1480 1481
f 1449 1481 1450
f 1450 1481 1482
f 1450 1482 1451
f 1451 1482 1483
f 1451 1483 1452
f 1452 1483 1484
f 1452 1484 1453
f 1453 1484 1485
f 1453 1485 1454
f 1454 1485 1486
f 1454 1486 1455
f 1455 1486 1487
f 1455 1487 1456
f 1456 1487 1488
f 1456 1488 1457
f 1457 1488 1489
f 1457 1489 1458
f 1458 1489 1490
f 1458 1490 1459
f 1459 1490 1491
f 1459 1491 1460
f 1460 1491 1492
f 1460 1492 1461
f 1461 1492 1493
f 1461 1493 1462
f 1462 1493 1494
f 1462 1494 1463
f 1463 1494 1495
f 1463 1495 1464
f 1464 1495 1496
f 1464 1496 1465
f 1465 1496 1497
f 1465 1497 1466
f 1466 1497 1498
f 1466 1498 1467
f 1467 1498 1499
f 1467 1499 1468
f 1468 1499 1500
f 1468 1500 1437
f 1437 1500 1469
f 1469 1501 1470
f 1470 1501 1502
f 1470 1502 1471
f 1471 1502 1503
f 1471 1503 1472
f 1472 1503 1504
f 1472 1504 1473
f 1473 1504 1505
f 1473 1505 1474
f 1474 1505 1506
f 1474 1506 1475
f 1475 1506 1507
f 1475 1507 1476
f 1476 1507 1508
f 1476 1508 1477
f 1477 1508 1509
f 1477 1509 1478
f 1478 1509 1510
f 1478 1510 1479
f 1479 1510 1511
f 1479 1511 1480
f 1480 1511 1512
f 1480 1512 1481
f 1481 1512 1513
f 1481 1513 1482
f 1482 1513 1514
f 1482 1514 1483
f 1483 1514 1515
f 1483 1515 1484
f 1484 1515 1516
f 1484 1516 1485
f 1485 1516 1517
f 1485 1517 1486
f 1486 1517 1518
f 1486 1518 1487
f 1487 1518 1519
f 1487 1519 1488
f 1488 1519 1520
f 1488 1520 1489
f 1489 1520 1521
f 1489 1521 1490
f 1490 1521 1522
f 1490 1522 1491
f 1491 1522 1523
f 1491 1523 1492
f 1492 1523 1524
f 1492 1524 1493
f 1493 1524 1525
f 1493 1525 1494
f 1494 1525 1526
f 1494 1526 1495
f 1495 1526 1527
f 1495 1527 1496
f 1496 1527 1528
f 1496 1528 1497
f 1497 1528 1529
f 1497 1529 1498
f 1498 1529 1530
f 1498 1530 1499
f 1499 1530 1531
f 1499 1531 1500
f 1500 1531 1532
f 1500 1532 1469
f 1469 1532 1501
f 1501 1533 1502
f 1502 1533 1534
f 1502 1534 1503
f 1503 1534 1535
f 1503 1535 1504
f 1504 1535 1536
f 1504 1536 1505
f 1505 1536 1537
f 1505 1537 1506
f 1506 1537 1538
f 1506 1538 1507
f 1507 1538 1539
f 1507 1539 1508
f 1508 1539 1540
f 1508 1540 1509
f 1509 1540 1541
f 1509 1541 1510
f 1510 1541 1542
f 1510 1542 1511
f 1511 1542 1543
f 1511 1543 1512
f 1512 1543 1544
f 1512 1544 1513
f 1513 1544 1545
f 1513 1545 1514
f 1514 1545 1546
f 1514 1546 1515
f 1515 1546 1547
f 1515 1547 1516
f 1516 1547 1548
f 1516 1548 1517
f 1517 1548 1549
f 1517 1549 1518
f 1518 1549 1550
f 1518 1550 1519
f 1519 1550 1551
f 1519 1551 1520
f 1520 1551 1552
f 1520 1552 1521
f 1521 1552 1553
f 1521 1553 1522
f 1522 1553 1554
f 1522 1554 1523
f 1523 1554 1555
f 1523 1555 1524
f 1524 1555 1556
f 1524 1556 1525
f 1525 1556 1557
f 1525 1557 1526
f 1526 1557 1558
f 1526 1558 1527
f 1527 1558 1559
f 1527 1559 1528
f 1528 1559 1560
f 1528 1560 1529
f 1529 1560 1561
f 1529 1561 1530
f 1530 1561 1562
f 1530 1562 1531
f 1531 1562 1563
f 1531 1563 1532
f 1532 1563 1564
f 1532 1564 1501
f 1501 1564 1533
f 1533 1565 1534
f 1534 1565 1566
f 1534 1566 1535
f 1535 1566 1567
f 1535 1567 1536
f 1536 1567 1568
f 1536 1568 1537
f 1537 1568 1569
f 1537 1569 1538
f 1538 1569 1570
f 1538 1570 1539
f 1539 1570 1571
f 1539 1571 1540
f 1540 1571 1572
f 1540 1572 1541
f 1541 1572 1573
f 1541 1573 1542
f 1542 1573 1574
f 1542 1574 1543
f 1543 1574 1575
f 1543 1575 1544
f 1544 1575 1576
f 1544 1576 1545
f 1545 1576 1577
f 1545 1577 1546
f 1546 1577 1578
f 1546 1578 1547
f 1547 1578 1579
f 1547 1579 1548
f 1548 1579 1580
f 1548 1580 1549
f 1549 1580 1581
f 1549 1581 1550
f 1550 1581 1582
f 1550 1582 1551
f 1551 1582 1583
f 1551 1583 1552
f 1552 1583 1584
f 1552 1584 1553
f 1553 1584 1585
f 1553 1585 1554
f 1554 1585 1586
f 1554 1586 1555
f 1555 1586 1587
f 1555 1587 1556
f 1556 1587 1588
f 1556 1588 1557
f 1557 1588 1589
f 1557 1589 1558
f 1558 1589 1590
f 1558 1590 1559
f 1559 1590 1591
f 1559 1591 1560
f 1560 1591 1592
f 1560 1592 1561
f 1561 1592 1593
f 1561 1593 1562
f 1562 1593 1594
f 1562 1594 1563
f 1563 1594 1595
f 1563 1595 1564
f 1564 1595 1596
f 1564 1596 1533
f 1533 1596 1565
f 1565 1597 1566
f 1566 1597 1598
f 1566 1598 1567
f 1567 1598 1599
f 1567 1599 1568
f 1568 1599 1600
f 1568 1600 1569
f 1569 1600 1601
f 1569 1601 1570
f 1570 1601 1602
f 1570 1602 1571
f 1571 1602 1603
f 1571 1603 1572
f 1572 1603 1604
f 1572 1604 1573
f 1573 1604 1605
f 1573 1605 1574
f 1574 1605 1606
f 1574 1606 1575
f 1575 1606 1607
f 1575 1607 1576
f 1576 1607 1608
f 1576 1608 1577
f 1577 1608 1609
f 1577 1609 1578
f 1578 1609 1610
f 1578 1610 1579
f 1579 1610 1611
f 1579 1611 1580
f 1580 1611 1612
f 1580 1612 1581
f 1581 1612 1613
f 1581 1613 1582
f 1582 1613 1614
f 1582 1614 1583
f 1583 1614 1615
f 1583 1615 1584
f 1584 1615 1616
f 1584 1616 1585
f 1585 1616 1617
f 1585 1617 1586
f 1586 1617 1618
f 1586 1618 1587
f 1587 1618 1619
f 1587 1619 1588
f 1588 1619 1620
f 1588 1620 1589
f 1589 1620 1621
f 1589 1621 1590
f 1590 1621 1622
f 1590 1622 1591
f 1591 1622 1623
f 1591 1623 1592
f 1592 1623 1624
f 1592 1624 1593
f 1593 1624 1625
f 1593 1625 1594
f 1594 1625 1626
f 1594 1626 1595
f 1595 1626 1627
f 1595 1627 1596
f 1596 1627 1628
f 1596 1628 1565
f 1565 1628 1597
f 1597 1629 1598
f 1598 1629 1630
f 1598 1630 1599
f 1599 1630 1631
f 1599 1631 1600
f 1600 1631 1632
f 1600 1632 1601
f 1601 1632 1633
f 1601 1633 1602
f 1602 1633 1634
f 1602 1634 1603
f 1603 1634 1635
f 1603 1635 1604
f 1604 1635 1636
f 1604 1636 1605
f 1605 1636 1637
f 1605 1637 1606
f 1606 1637 1638
f 1606 1638 1607
f 1607 1638 1639
f 1607 1639 1608
f 1608 1639 1640
f 1608 1640 1609
f 1609 1640 1641
f 1609 1641 1610
f 1610 1641 1642
f 1610 1642 1611
f 1611 1642 1643
f 1611 1643 1612
f 1612 1643 1644
f 1612 1644 1613
f 1613 1644 1645
f 1613 1645 1614
f 1614 1645 1646
f 1614 1646 1615
f 1615 1646 1647
f 1615 1647 1616
f 1616 1647 1648
f 1616 1648 1617
f 1617 1648 1649
f 1617 1649 1618
f 1618 1649 1650
f 1618 1650 1619
f 1619 1650 1651
f 1619 1651 1620
f 1620 1651 1652
f 1620 1652 1621
f 1621 1652 1653
f 1621 1653 1622
f 1622 1653 1654
f 1622 1654 1623
f 1623 1654 1655
f 1623 1655 1624
f 1624 1655 1656
f 1624 1656 1625
f 1625 1656 1657
f 1625 1657 1626
f 1626 1657 1658
f 1626 1658 1627
f 1627 1658 1659
f 1627 1659 1628
f 1628 1659 1660
f 1628 1660 1597
f 1597 1660 1629
f 1629 1661 1630
f 1630 1661 1662
f 1630 1662 1631
f 1631 1662 1663
f 1631 1663 1632
f 1632 1663 1664
f 1632 1664 1633
f 1633 1664 1665
f 1633 1665 1634
f 1634 1665 1666
f 1634 1666 1635
f 1635 1666 1667
f 1635 1667 1636
f 1636 1667 1668
f 1636 1668 1637
f 1637 1668 1669
f 1637 1669 1638
f 1638 1669 1670
f 1638 1670 1639
f 1639 1670 1671
f 1639 1671 1640
f 1640 1671 1672
f 1640 1672 1641
f 1641 1672 1673
f 1641 1673 1642
f 1642 1673 1674
f 1642 1674 1643
f 1643 1674 1675
f 1643 1675 1644
f 1644 1675 1676
f 1644 1676 1645
f 1645 1676 1677
f 1645 1677 1646
f 1646 1677 1678
f 1646 1678 1647
f 1647 1678 1679
f 1647 1679 1648
f 1648 1679 1680
f 1648 1680 1649
f 1649 1680 1681
f 1649 1681 1650
f 1650 1681 1682
f 1650 1682 1651
f 1651 1682 1683
f 1651 1683 1652
f 1652 1683 1684
f 1652 1684 1653
f 1653 1684 1685
f 1653 1685 1654
f 1654 1685 1686
f 1654 1686 1655
f 1655 1686 1687
f 1655 1687 1656
f 1656 1687 1688
f 1656 1688 1657
f 1657 1688 1689
f 1657 1689 1658
f 1658 1689 1690
f 1658 1690 1659
f 1659 1690 1691
f 1659 1691 1660
f 1660 1691 1692
f 1660 1692 1629
f 1629 1692 1661
f 1661 1693 1662
f 1662 1693 1694
f 1662 1694 1663
f 1663 1694 1695
f 1663 1695 1664
f 1664 1695 1696
f 1664 1696 1665
f 1665 1696 1697
f 1665 1697 1666
f 1666 1697 1698
f 1666 1698 1667
f 1667 1698 1699
f 1667 1699 1668
f 1668 1699 1700
f 1668 1700 1669
f 1669 1700 1701
f 1669 1701 1670
f 1670 1701 1702
f 1670 1702 1671
f 1671 1702 1703
f 1671 1703 1672
f 1672 1703 1704
f 1672 1704 1673
f 1673 1704 1705
f 1673 1705 1674
f 1674 1705 1706
f 1674 1706 1675
f 1675 1706 1707
f 1675 1707 1676
f 1676 1707 1708
f 1676 1708 1677
f 1677 1708 1709
f 1677 1709 1678
f 1678 1709 1710
f 1678 1710 1679
f 1679 1710 1711
f 1679 1711 1680
f 1680 1711 1712
f 1680 1712 1681
f 1681 1712 1713
f 1681 1713 1682
f 1682 1713 1714
f 1682 1714 1683
f 1683 1714 1715
f 1683 1715 1684
f 1684 1715 1716
f 1684 1716 1685
f 1685 1716 1717
f 1685 1717 1686
f 1686 1717 1718
f 1686 1718 1687
f 1687 1718 1719
f 1687 1719 1688
f 1688 1719 1720
f 1688 1720 1689
f 1689 1720 1721
f 1689 1721 1690
f 1690 1721 1722
f 1690 1722 1691
f 1691 1722 1723
f 1691 1723 1692
f 1692 1723 1724
f 1692 1724 1661
f 1661 1724 1693
f 1693 1725 1694
f 1694 1725 1726
f 1694 1726 1695
f 1695 1726 1727
f 1695 1727 1696
f 1696 1727 1728
f 1696 1728 1697
f 1697 1728 1729
f 1697 1729 1698
f 1698 1729 1730
f 1698 1730 1699
f 1699 1730 1731
f 1699 1731 1700
f 1700 1731 1732
f 1700 1732 1701
f 1701 1732 1733
f 1701 1733 1702
f 1702 1733 1734
f 1702 1734 1703
f 1703 1734 1735
f 1703 1735 1704
f 1704 1735 1736
f 1704 1736 1705
f 1705 1736 1737
f 1705 1737 1706
f 1706 1737 1738
f 1706 1738 1707
f 1707 1738 1739
f 1707 1739 1708
f 1708 1739 1740
f 1708 1740 1709
f 1709 1740 1741
f 1709 1741 1710
f 1710 1741 1742
f 1710 1742 1711
f 1711 1742 1743
f 1711 1743 1712
f 1712 1743 1744
f 1712 1744 1713
f 1713 1744 1745
f 1713 1745 1714
f 1714 1745 1746
f 1714 1746 1715
f 1715 1746 1747
f 1715 1747 1716
f 1716 1747 1748
f 1716 1748 1717
f 1717 1748 1749
f 1717 1749 1718
f 1718 1749 1750
f 1718 1750 1719
f 1719 1750 1751
f 1719 1751 1720
f 1720 1751 1752
f 1720 1752 1721
f 1721 1752 1753
f 1721 1753 1722
f 1722 1753 1754
f 1722 1754 1723
f 1723 1754 1755
f 1723 1755 1724
f 1724 1755 1756
f 1724 1756 1693
f 1693 1756 1725
f 1725 1757 1726
f 1726 1757 1758
f 1726 1758 1727
f 1727 1758 1759
f 1727 1759 1728
f 1728 1759 1760
f 1728 1760 1729
f 1729 1760 1761
f 1729 1761 1730
f 1730 1761 1762
f 1730 1762 1731
f 1731 1762 1763
f 1731 1763 1732
f 1732 1763 1764
f 1732 1764 1733
f 1733 1764 1765
f 1733 1765 1734
f 1734 1765 1766
f 1734 1766 1735
f 1735 1766 1767
f 1735 1767 1736
f 1736 1767 1768
f 1736 1768 1737
f 1737 1768 1769
f 1737 1769 1738
f 1738 1769 1770
f 1738 1770 1739
f 1739 1770 1771
f 1739 1771 1740
f 1740 1771 1772
f 1740 1772 1741
f 1741 1772 1773
f 1741 1773 1742
f 1742 1773 1774
f 1742 1774 1743
f 1743 1774 1775
f 1743 1775 1744
f 1744 1775 1776
f 1744 1776 1745
f 1745 1776 1777
f 1745 1777 1746
f 1746 1777 1778
f 1746 1778 1747
f 1747 1778 1779
f 1747 1779 1748
f 1748 1779 1780
f 1748 1780 1749
f 1749 1780 1781
f 1749 1781 1750
f 1750 1781 1782
f 1750 1782 1751
f 1751 1782 1783
f 1751 1783 1752
f 1752 1783 1784
f 1752 1784 1753
f 1753 1784 1785
f 1753 1785 1754
f 1754 1785 1786
f 1754 1786 1755
f 1755 1786 1787
f 1755 1787 1756
f 1756 1787 1788
f 1756 1788 1725
f 1725 1788 1757
f 1757 1789 1758
f 1758 1789 1790
f 1758 1790 1759
f 1759 1790 1791
f 1759 1791 1760
f 1760 1791 1792
f 1760 1792 1761
f 1761 1792 1793
f 1761 1793 1762
f 1762 1793 1794
f 1762 1794 1763
f 1763 1794 1795
f 1763 1795 1764
f 1764 1795 1796
f 1764 1796 1765
f 1765 1796 1797
f 1765 1797 1766
f 1766 1797 1798
f 1766 1798 1767
f 1767 1798 1799
f 1767 1799 1768
f 1768 1799 1800
f 1768 1800 1769
f 1769 1800 1801
f 1769 1801 1770
f 1770 1801 1802
f 1770 1802 1771
f 1771 1802 1803
f 1771 1803 1772
f 1772 1803 1804
f 1772 1804 1773
f 1773 1804 1805
f 1773 1805 1774
f 1774 1805 1806
f 1774 1806 1775
f 1775 1806 1807
f 1775 1807 1776
f 1776 1807 1808
f 1776 1808 1777
f 1777 1808 1809
f 1777 1809 1778
f 1778 1809 1810
f 1778 1810 1779
f 1779 1810 1811
f 1779 1811 1780
f 1780 1811 1812
f 1780 1812 1781
f 1781 1812 1813
f 1781 1813 1782
f 1782 1813 1814
f 1782 1814 1783
f 1783 1814 1815
f 1783 1815 1784
f 1784 1815 1816
f 1784 1816 1785
f 1785 1816 1817
f 1785 1817 1786
f 1786 1817 1818
f 1786 1818 1787
f 1787 1818 1819
f 1787 1819 1788
f 1788 1819 1820
f 1788 1820 1757
f 1757 1820 1789
f 1789 1821 1790
f 1790 1821 1822
f 1790 1822 1791
f 1791 1822 1823
f 1791 1823 1792
f 1792 1823 1824
f 1792 1824 1793
f 1793 1824 1825
f 1793 1825 1794
f 1794 1825 1826
f 1794 1826 1795
f 1795 1826 1827
f 1795 1827 1796
f 1796 1827 1828
f 1796 1828 1797
f 1797 1828 1829
f 1797 1829 1798
f 1798 1829 1830
f 1798 1830 1799
f 1799 1830 1831
f 1799 1831 1800
f 1800 1831 1832
f 1800 1832 1801
f 1801 1832 1833
f 1801 1833 1802
f 1802 1833 1834
f 1802 1834 1803
f 1803 1834 1835
f 1803 1835 1804
f 1804 1835 1836
f 1804 1836 1805
f 1805 1836 1837
f 1805 1837 1806
f 1806 1837 1838
f 1806 1838 1807
f 1807 1838 1839
f 1807 1839 1808
f 1808 1839 1840
f 1808 1840 1809
f 1809 1840 1841
f 1809 1841 1810
f 1810 1841 1842
f 1810 1842 1811
f 1811 1842 1843
f 1811 1843 1812
f 1812 1843 1844
f 1812 1844 1813
f 1813 1844 1845
f 1813 1845 1814
f 1814 1845 1846
f 1814 1846 1815
f 1815 1846 1847
f 1815 1847 1816
f 1816 1847 1848
f 1816 1848 1817
f 1817 1848 1849
f 1817 1849 1818
f 1818 1849 1850
f 1818 1850 1819
f 1819 1850 1851
f 1819 1851 1820
f 1820 1851 1852
f 1820 1852 1789
f 1789 1852 1821
f 1821 829 1822
f 1822 829 830
f 1822 830 1823
f 1823 830 831
f 1823 831 1824
f 1824 831 832
f 1824 832 1825
f 1825 832 833
f 1825 833 1826
f 1826 833 834
f 1826 834 1827
f 1827 834 835
f 1827 835 1828
f 1828 835 836
f 1828 836 1829
f 1829 836 837
f 1829 837 1830
f 1830 837 838
f 1830 838 1831
f 1831 838 839
f 1831 839 1832
f 1832 839 840
f 1832 840 1833
f 1833 840 841
f 1833 841 1834
f 1834 841 842
f 1834 842 1835
f 1835 842 843
f 1835 843 1836
f 1836 843 844
f 1836 844 1837
f 1837 844 845
f 1837 845 1838
f 1838 845 846
f 1838 846 1839
f 1839 846 847
f 1839 847 1840
f 1840 847 848
f 1840 848 1841
f 1841 848 849
f 1841 849 1842
f 1842 849 850
f 1842 850 1843
f 1843 850 851
f 1843 851 1844
f 1844 851 852
f 1844 852 1845
f 1845 852 853
f 1845 853 1846
f 1846 853 854
f 1846 854 1847
f 1847 854 855
f 1847 855 1848
f 1848 855 856
f 1848 856 1849
f 1849 856 857
f 1849 857 1850
f 1850 857 858
f 1850 858 1851
f 1851 858 859
f 1851 859 1852
f 1852 859 860
f 1852 860 1821
f 1821 860 829

